radio,mcc,net,area,cell,unit,lon,lat,range,samples,changeable,created,updated,averageSignal
GSM,646,1,10002,11311,0,47.6581,-18.8696,7288,22,1,1458950321,1700235309,0
GSM,646,1,10002,50941,0,47.6526,-18.8719,6466,33,1,1458950321,1700235309,0
GSM,646,1,10002,50942,0,47.6177,-18.8913,4789,4,1,1491389443,1700235309,0
GSM,646,2,4020,40252,-1,47.2097,-15.0265,4556,14,1,1699929244,1700235364,0
GSM,646,2,4020,43792,-1,47.2151,-15.0254,4211,38,1,1699929264,1700235364,0
GSM,646,2,4020,43793,-1,47.2122,-15.0277,4560,31,1,1699929274,1700235364,0
UMTS,646,2,4420,765268,5,47.2288,-14.9899,1000,1,1,1699929334,1699929334,0
GSM,646,2,4020,40391,-1,47.2097,-15.0265,4557,14,1,1699929715,1700235364,0
UMTS,646,1,101,230877197,409,47.4628,-18.834,1000,1,1,1700001787,1700001787,0
GSM,646,2,1030,10644,-1,47.4648,-18.8305,2264,19,1,1700001787,1700045641,0
GSM,646,2,1030,11706,-1,47.4641,-18.8325,1000,25,1,1700001787,1700045583,0
GSM,646,2,1030,10102,-1,47.4635,-18.8339,1000,8,1,1700001787,1700045583,0
GSM,646,2,1030,10502,-1,47.4649,-18.8285,1383,17,1,1700001787,1700045584,0
GSM,646,2,1030,10751,-1,47.4628,-18.834,1000,1,1,1700001787,1700001787,0
GSM,646,2,1030,10646,-1,47.4629,-18.8343,1000,11,1,1700001787,1700045583,0
GSM,646,2,1030,13911,-1,47.4643,-18.8267,1000,8,1,1700001787,1700045583,0
LTE,646,1,10101,2127106,-1,47.4633,-18.8318,1000,18,1,1700001807,1700235307,0
LTE,646,1,10101,2126083,-1,47.4628,-18.8345,1000,7,1,1700002815,1700235306,0
GSM,646,2,1030,11705,-1,47.4627,-18.8341,1000,1,1,1700002815,1700002815,0
GSM,646,2,1030,10871,-1,47.4641,-18.8327,1000,18,1,1700002815,1700045583,0
UMTS,646,1,101,230880521,199,47.4628,-18.8345,1000,2,1,1700003122,1700045582,0
GSM,646,2,1030,11533,-1,47.4629,-18.8344,1000,5,1,1700003122,1700045583,0
LTE,646,1,10101,2095107,-1,47.4628,-18.8344,1000,6,1,1700003181,1700235307,0
GSM,646,2,1030,10281,-1,47.4639,-18.8301,1002,6,1,1700003268,1700045584,0
GSM,646,2,1030,10267,-1,47.4627,-18.8345,1000,1,1,1700003268,1700003268,0
GSM,646,2,1030,10853,-1,47.4662,-18.823,1332,33,1,1700003268,1700045641,0
GSM,646,2,1030,12702,-1,47.4645,-18.8287,1000,22,1,1700003268,1700045584,0
LTE,646,1,10101,2056195,-1,47.4627,-18.8345,1000,4,1,1700003831,1700235306,0
GSM,646,2,1030,10103,-1,47.4646,-18.8304,1000,5,1,1700003851,1700045583,0
GSM,646,2,1030,13683,-1,47.4627,-18.8345,1000,1,1,1700003941,1700003941,0
UMTS,646,1,101,230878269,409,47.4627,-18.8345,1000,1,1,1700004780,1700004780,0
UMTS,646,1,101,230877235,392,47.4635,-18.8343,1000,5,1,1700004800,1700235307,0
LTE,646,1,10101,2055683,-1,47.463,-18.8341,1000,3,1,1700004912,1700045583,0
LTE,646,1,10101,2055681,-1,47.463,-18.8341,1000,1,1,1700005132,1700005132,0
UMTS,646,1,101,230880515,392,47.4652,-18.8304,1000,11,1,1700005295,1700045583,0
GSM,646,2,1030,11765,-1,47.4658,-18.8317,1000,3,1,1700005307,1700045583,0
GSM,646,2,1030,11704,-1,47.4651,-18.8244,1000,22,1,1700005337,1700045584,0
GSM,646,2,1030,10193,-1,47.4652,-18.8234,1000,23,1,1700005355,1700045584,0
GSM,646,2,1030,10856,-1,47.4644,-18.8266,1000,3,1,1700005367,1700045583,0
GSM,646,2,1030,12701,-1,47.4652,-18.8228,1000,16,1,1700005375,1700045584,0
UMTS,646,1,101,230878265,211,47.4645,-18.8247,1000,3,1,1700005385,1700045583,0
UMTS,646,1,101,230878214,217,47.4682,-18.818,1000,17,1,1700005395,1700045641,0
GSM,646,2,1030,10192,-1,47.4655,-18.8219,1000,12,1,1700005395,1700045584,0
UMTS,646,1,101,230878213,217,47.4677,-18.8171,1000,7,1,1700005485,1700045584,0
GSM,646,2,1030,10191,-1,47.4694,-18.8156,1000,14,1,1700005485,1700045641,0
GSM,646,2,1030,12211,-1,47.4698,-18.8152,1000,12,1,1700005500,1700045641,0
GSM,646,2,1030,12214,-1,47.4696,-18.8159,1000,6,1,1700005513,1700045584,0
GSM,646,2,1030,51032,-1,47.4706,-18.8146,1000,9,1,1700005518,1700045641,0
GSM,646,2,1030,13902,-1,47.4715,-18.8132,1000,4,1,1700005546,1700045641,0
UMTS,646,1,101,230878184,223,47.4718,-18.8108,1000,3,1,1700005575,1700045641,0
UMTS,646,2,1430,842464,444,47.4723,-18.8085,1000,11,1,1700005575,1700045641,0
UMTS,646,1,101,230878525,223,47.4728,-18.8066,1000,4,1,1700005625,1700045641,0
UMTS,646,2,1430,803604,444,47.4729,-18.8037,1000,5,1,1700005655,1700045641,0
UMTS,646,1,101,230878523,223,47.4741,-18.8023,1000,11,1,1700005665,1700045641,0
UMTS,646,2,1430,800915,146,47.4748,-18.8017,1000,7,1,1700005706,1700045641,0
UMTS,646,1,101,230878185,223,47.4766,-18.8015,1000,1,1,1700005786,1700005786,0
LTE,646,1,10101,2124547,-1,47.5142,-18.8318,1751,41,1,1700006204,1700045642,0
UMTS,646,2,1430,803924,398,47.5147,-18.8227,1000,17,1,1700006204,1700045642,0
LTE,646,1,10101,2125827,-1,47.5158,-18.8172,1000,3,1,1700006209,1700045641,0
LTE,646,1,10101,2123266,-1,47.516,-18.8188,1000,3,1,1700006219,1700045641,0
UMTS,646,2,1430,842743,13,47.5158,-18.8214,1000,7,1,1700006229,1700045642,0
LTE,646,1,10101,2056193,-1,47.5155,-18.8222,1000,4,1,1700006239,1700045642,0
UMTS,646,2,1430,802390,377,47.5129,-18.8294,1000,4,1,1700006279,1700045642,0
UMTS,646,2,1430,842750,14,47.5137,-18.8366,1000,17,1,1700006289,1700045642,0
UMTS,646,2,1430,842744,14,47.5139,-18.846,1000,12,1,1700006359,1700045643,0
LTE,646,1,10101,2056963,-1,47.513,-18.8497,1000,9,1,1700006379,1700045643,0
LTE,646,1,10101,2054401,-1,47.5125,-18.8563,1096,15,1,1700006389,1700045643,0
UMTS,646,2,1430,802013,14,47.5135,-18.8473,1000,3,1,1700006389,1700045642,0
LTE,646,1,10101,2092803,-1,47.5127,-18.8492,1000,4,1,1700006399,1700045643,0
UMTS,646,2,1440,802013,325,47.5123,-18.8511,1000,4,1,1700006409,1700045643,0
LTE,646,1,10101,2070273,-1,47.5119,-18.8548,1000,4,1,1700006429,1700045643,0
LTE,646,1,10101,2068483,-1,47.5115,-18.8582,1000,10,1,1700006439,1700045643,0
LTE,646,1,10101,2070275,-1,47.5152,-18.8663,1000,8,1,1700006499,1700045643,0
LTE,646,1,10101,2069251,-1,47.5182,-18.871,1000,16,1,1700006529,1700045643,0
UMTS,646,2,1440,803943,216,47.519,-18.8725,1000,14,1,1700006589,1700045643,0
UMTS,646,2,1440,800595,50,47.5192,-18.873,1000,2,1,1700007059,1700045643,0
LTE,646,1,10101,2067203,-1,47.5198,-18.8746,1000,9,1,1700007089,1700045643,0
UMTS,646,2,1440,803947,217,47.5206,-18.8767,1000,7,1,1700007259,1700045643,0
LTE,646,1,10101,2055425,-1,47.5219,-18.8799,1000,17,1,1700007279,1700045701,0
UMTS,646,2,1440,801936,331,47.5233,-18.8815,1000,7,1,1700007469,1700045701,0
UMTS,646,2,1440,801939,331,47.5302,-18.8807,1000,10,1,1700007499,1700045702,0
UMTS,646,2,1440,801933,331,47.5286,-18.8821,1000,12,1,1700007549,1700045702,0
UMTS,646,2,1440,800538,312,47.5225,-18.8823,1000,3,1,1700007619,1700045701,0
LTE,646,1,10101,2089986,-1,47.5325,-18.8822,1000,23,1,1700007829,1700045702,0
UMTS,646,2,1440,801937,332,47.5274,-18.8829,1000,7,1,1700007839,1700045701,0
LTE,646,1,10101,2068993,-1,47.5315,-18.8828,1000,3,1,1700007879,1700045702,0
UMTS,646,2,1440,802320,359,47.5387,-18.8813,1000,6,1,1700007919,1700045702,0
LTE,646,1,10101,2065411,-1,47.5407,-18.8813,1000,10,1,1700007929,1700045702,0
UMTS,646,2,1440,804051,80,47.5405,-18.8812,1000,3,1,1700007939,1700045702,0
UMTS,646,2,1440,804049,78,47.5429,-18.8817,1000,8,1,1700007969,1700045702,0
UMTS,646,2,1440,800696,78,47.5459,-18.8826,1000,6,1,1700007989,1700045702,0
UMTS,646,2,1440,803130,211,47.5411,-18.8812,1000,2,1,1700008229,1700045702,0
LTE,646,1,10101,2095875,-1,47.5494,-18.8835,1000,19,1,1700008269,1700045702,0
LTE,646,1,10101,2065409,-1,47.5444,-18.8821,1000,3,1,1700008359,1700045702,0
UMTS,646,2,1440,669376,425,47.5501,-18.8837,1000,3,1,1700008399,1700045702,0
UMTS,646,2,1450,672674,103,47.5511,-18.8841,1000,1,1,1700008409,1700008409,0
UMTS,646,2,1450,672957,370,47.5517,-18.8843,1000,3,1,1700008429,1700045702,0
UMTS,646,2,1440,800956,156,47.5543,-18.8847,1000,4,1,1700008449,1700045702,0
UMTS,646,2,1450,671815,496,47.5567,-18.8854,1000,5,1,1700008459,1700045702,0
LTE,646,1,10101,2095874,-1,47.5602,-18.8869,1000,4,1,1700008469,1700045702,0
LTE,646,1,10101,2057475,-1,47.5669,-18.8927,1210,20,1,1700008479,1700045703,0
UMTS,646,2,1450,672675,371,47.5599,-18.8866,1000,6,1,1700008479,1700045702,0
LTE,646,1,10101,1920514,-1,47.5612,-18.8873,1000,3,1,1700008499,1700045702,0
UMTS,646,2,1450,669375,424,47.5637,-18.8883,1000,4,1,1700008519,1700045702,0
LTE,646,1,10101,2093570,-1,47.5656,-18.8885,1000,7,1,1700008529,1700045702,0
UMTS,646,2,1450,671096,41,47.5661,-18.8885,1000,4,1,1700008539,1700045702,0
LTE,646,1,10101,2054657,-1,47.5729,-18.9059,1885,19,1,1700008639,1700235307,0
LTE,646,1,10101,2057474,-1,47.5711,-18.9046,1000,2,1,1700008679,1700045703,0
UMTS,646,2,1450,672751,100,47.5741,-18.9152,1000,19,1,1700008729,1700045703,0
UMTS,646,1,101,230878614,150,47.5724,-18.9134,1000,2,1,1700008759,1700045703,0
UMTS,646,1,101,230881391,246,47.5778,-18.9189,1000,25,1,1700008769,1700045703,0
UMTS,646,2,1450,673853,277,47.58,-18.9207,1000,9,1,1700008819,1700045703,0
UMTS,646,2,1450,711431,490,47.5831,-18.9226,1000,1,1,1700008873,1700008873,0
UMTS,646,2,1450,671784,490,47.5845,-18.9204,1000,7,1,1700008879,1700045703,0
LTE,646,1,10101,2065153,-1,47.5835,-18.9217,1000,2,1,1700008889,1700045703,0
LTE,646,1,10101,2064130,-1,47.585,-18.9197,1000,5,1,1700008899,1700045703,0
LTE,646,1,10101,2054658,-1,47.5872,-18.9162,1000,8,1,1700008929,1700235307,0
UMTS,646,2,1450,668655,417,47.5904,-18.9119,1000,20,1,1700008929,1700235307,0
GSM,646,2,1020,11622,-1,47.8629,-18.9255,2323,53,1,1700012766,1700235363,0
GSM,646,2,1020,10831,-1,47.853,-18.9231,3222,86,1,1700012766,1700235363,0
GSM,646,2,1020,10833,-1,47.8453,-18.9196,2452,40,1,1700012819,1700235362,0
GSM,646,2,1020,13841,-1,47.8593,-18.9246,1000,1,1,1700012840,1700012840,0
GSM,646,2,1020,11821,-1,47.8593,-18.9246,1000,1,1,1700012840,1700012840,0
UMTS,646,1,101,230882603,338,47.879,-18.9277,1000,6,1,1700012986,1700046302,0
UMTS,646,1,101,230882605,340,47.8798,-18.9278,1000,12,1,1700013016,1700046302,0
GSM,646,2,1020,11621,-1,47.931,-18.9265,5040,3,1,1700013566,1700046303,0
UMTS,646,2,1420,670281,420,47.9299,-18.9206,1533,19,1,1700014276,1700046303,0
GSM,646,4,17180,26351,-1,47.918,-18.9123,1000,1,1,1700014270,1700014270,0
LTE,646,1,10101,2227971,-1,47.9411,-18.9297,1510,17,1,1700014449,1700046303,0
UMTS,646,4,37001,500044,118,47.9311,-18.9249,1000,1,1,1700014568,1700014568,0
UMTS,646,1,101,231537533,148,47.9571,-18.9182,2814,63,1,1700014678,1700046303,0
GSM,646,2,1020,11643,-1,47.9706,-18.9061,3557,94,1,1700015091,1700046304,0
UMTS,646,1,101,231537536,151,47.9558,-18.9233,2291,16,1,1700015116,1700046303,0
GSM,646,2,1020,11642,-1,47.9967,-18.895,7228,134,1,1700015195,1700046305,0
GSM,646,2,1020,11641,-1,48.0387,-18.8803,7705,32,1,1700015644,1700046305,0
LTE,646,1,10101,2227969,-1,47.9785,-18.8943,1000,10,1,1700015765,1700046304,0
UMTS,646,2,1420,680013,16,48.0029,-18.8919,1000,14,1,1700016010,1700046304,0
UMTS,646,2,1420,680012,15,48.0273,-18.8848,3263,78,1,1700016030,1700046304,0
GSM,646,2,1020,12732,-1,48.0708,-18.8673,1467,36,1,1700016537,1700046305,0
UMTS,646,2,1420,685232,348,48.078,-18.8685,1000,16,1,1700016682,1700046305,0
GSM,646,2,1020,20463,-1,48.0846,-18.8688,1000,1,1,1700016791,1700016791,0
UMTS,646,4,37001,500057,47,48.3535,-18.9589,1000,17,1,1700021492,1700046305,0
GSM,646,2,1020,20713,-1,48.3802,-18.948,4181,22,1,1700021606,1700235363,0
GSM,646,2,1020,20113,-1,48.3674,-18.9503,1035,10,1,1700021616,1700046305,0
GSM,646,4,12030,38181,-1,48.3664,-18.9498,1000,5,1,1700021678,1700046305,0
GSM,646,2,1020,20712,-1,48.3838,-18.947,3795,17,1,1700021749,1700235363,0
UMTS,646,1,103,231536531,372,48.4095,-18.9362,2703,18,1,1700021921,1700235363,0
UMTS,646,1,103,231537475,147,48.4027,-18.9583,1000,4,1,1700022003,1700046305,0
UMTS,646,2,1420,680481,404,48.4089,-18.9574,1000,6,1,1700022048,1700046305,0
UMTS,646,1,103,231536530,371,48.4106,-18.9571,1000,4,1,1700022068,1700046305,0
UMTS,646,2,1420,679732,10,48.4149,-18.9332,2699,13,1,1700022073,1700235363,0
LTE,646,2,4620,12042242,-1,47.2147,-15.0601,4571,33,1,1699937253,1700235364,0
UMTS,646,2,4420,765277,6,47.2148,-15.0652,1477,43,1,1699937253,1700235364,0
LTE,646,2,4620,12041474,-1,47.2137,-15.038,4251,53,1,1699937256,1700235364,0
UMTS,646,2,1430,800653,66,47.4628,-18.8345,1000,6,1,1699941719,1700235307,0
UMTS,646,2,1430,801408,260,47.4627,-18.8346,1000,4,1,1699941739,1700235306,0
UMTS,646,2,1430,803763,57,47.4628,-18.8346,1000,6,1,1699941889,1700235306,0
UMTS,646,2,1430,800656,66,47.4628,-18.8346,1000,6,1,1699941909,1700235306,0
UMTS,646,2,1430,805515,319,47.4628,-18.8345,1000,3,1,1699945859,1700235306,0
UMTS,646,1,101,230878263,209,47.4628,-18.8346,1000,1,1,1699947695,1699947695,0
UMTS,646,1,101,230877194,409,47.4628,-18.8345,1000,2,1,1699947735,1700235306,0
UMTS,646,2,1430,801405,260,47.4628,-18.8345,1000,2,1,1699954340,1700235306,0
UMTS,646,2,1430,802904,76,47.4628,-18.8345,1000,1,1,1699978006,1699978006,0
LTE,646,1,10101,2089218,-1,47.6023,-18.8988,2290,13,1,1700008969,1700235308,0
LTE,646,1,10101,2065923,-1,47.5995,-18.9034,1234,24,1,1700008999,1700235308,0
UMTS,646,2,1450,673059,363,47.6048,-18.8998,1135,25,1,1700009059,1700235308,0
UMTS,646,2,1450,671927,48,47.6043,-18.8937,1000,13,1,1700009219,1700235308,0
UMTS,646,1,101,230880601,352,47.6036,-18.8958,1000,2,1,1700009249,1700235308,0
UMTS,646,1,101,230878619,149,47.6036,-18.8942,1000,3,1,1700009259,1700235308,0
UMTS,646,1,101,230881710,263,47.605,-18.8919,1000,7,1,1700009289,1700235308,0
UMTS,646,2,1450,669647,96,47.6073,-18.8901,1000,4,1,1700009349,1700235308,0
LTE,646,1,10101,2065921,-1,47.6135,-18.8942,1000,28,1,1700009369,1700235308,0
UMTS,646,2,1450,674607,361,47.6283,-18.8836,2534,20,1,1700009369,1700235309,0
UMTS,646,2,1450,671254,361,47.6197,-18.8932,1000,24,1,1700009489,1700235308,0
LTE,646,1,10101,2089217,-1,47.6233,-18.8911,1000,9,1,1700009619,1700235308,0
UMTS,646,2,1450,671552,52,47.621,-18.8917,1000,2,1,1700009619,1700235308,0
UMTS,646,1,101,230880355,158,47.6308,-18.8855,1000,13,1,1700009679,1700235308,0
UMTS,646,2,1420,670546,351,47.6288,-18.8872,1000,10,1,1700009689,1700235308,0
LTE,646,1,10101,2228739,-1,47.6334,-18.8836,1000,11,1,1700009739,1700235308,0
UMTS,646,2,1420,670544,349,47.6348,-18.8824,1000,12,1,1700009749,1700235308,0
UMTS,646,1,101,230880361,158,47.639,-18.8797,1000,3,1,1700009819,1700235308,0
UMTS,646,2,1450,671257,304,47.6393,-18.8795,1000,4,1,1700009819,1700235308,0
UMTS,646,1,101,230880599,350,47.6425,-18.8778,1000,10,1,1700009829,1700235308,0
UMTS,646,2,1450,671251,361,47.6456,-18.876,1000,10,1,1700009839,1700235309,0
UMTS,646,1,101,230881709,262,47.6432,-18.8776,1000,3,1,1700009859,1700235308,0
GSM,646,1,10009,12343,-1,47.6601,-18.8683,1308,30,1,1700009921,1700235309,0
GSM,646,1,10009,12342,-1,47.6627,-18.8672,1512,21,1,1700009929,1700235309,0
UMTS,646,2,1420,673281,63,47.6719,-18.8657,1609,32,1,1700010009,1700235309,0
GSM,646,1,10009,12341,-1,47.6671,-18.8651,1000,12,1,1700010051,1700235309,0
UMTS,646,2,1420,670152,402,47.672,-18.8624,1000,2,1,1700010139,1700235309,0
UMTS,646,1,101,230881731,347,47.6745,-18.8626,1000,8,1,1700010139,1700235309,0
UMTS,646,1,101,230881730,346,47.6845,-18.8692,1032,30,1,1700010179,1700235309,0
UMTS,646,2,1420,671941,492,47.7037,-18.8783,3430,19,1,1700010179,1700235311,0
UMTS,646,2,1420,673282,64,47.6952,-18.8804,4505,30,1,1700010259,1700235311,0
UMTS,646,1,101,230877685,422,47.693,-18.8972,2215,62,1,1700010339,1700235310,0
UMTS,646,2,1420,670151,401,47.7116,-18.8906,2851,11,1,1700010429,1700235311,0
UMTS,646,2,1420,672503,6,47.693,-18.9009,1280,40,1,1700010459,1700235310,0
UMTS,646,2,1420,672501,4,47.7126,-18.9012,2213,63,1,1700010650,1700235311,0
UMTS,646,1,101,230877683,422,47.7139,-18.9006,1650,26,1,1700010700,1700235311,0
UMTS,646,1,101,230882764,363,47.729,-18.8954,2262,54,1,1700010780,1700235311,0
UMTS,646,2,1420,670474,279,47.7609,-18.8961,4198,49,1,1700011080,1700235312,0
UMTS,646,1,101,230882763,362,47.7746,-18.8965,2925,65,1,1700011180,1700235312,0
UMTS,646,1,101,230880114,242,47.7607,-18.8997,4198,10,1,1700011280,1700235312,0
UMTS,646,2,1420,670683,317,47.7787,-18.8985,3192,69,1,1700011280,1700235312,0
UMTS,646,2,1420,670687,10,47.751,-18.9011,1000,2,1,1700011320,1700235311,0
UMTS,646,2,1420,670682,316,47.8142,-18.921,6267,43,1,1700011481,1700235362,0
GSM,646,1,10009,10492,-1,47.7666,-18.8997,1000,15,1,1700011522,1700235311,0
GSM,646,1,10009,11061,-1,47.7671,-18.9,1000,22,1,1700011535,1700235311,0
UMTS,646,2,1420,670471,279,47.7638,-18.9015,1000,4,1,1700011561,1700235311,0
GSM,646,1,10009,11063,-1,47.7641,-18.9019,1000,1,1,1700011578,1700011578,0
UMTS,646,1,101,230880120,242,47.8055,-18.9055,1000,20,1,1700011931,1700235312,0
UMTS,646,1,101,189569,441,47.8094,-18.9157,1183,5,1,1700012061,1700235362,0
UMTS,646,1,101,230880119,241,47.8159,-18.9237,1313,31,1,1700012071,1700235362,0
UMTS,646,2,1420,670684,10,47.8157,-18.9249,1000,5,1,1700012201,1700235362,0
UMTS,646,2,1420,670472,280,47.8299,-18.9272,1000,3,1,1700012361,1700235362,0
GSM,646,2,1020,10832,-1,47.8362,-18.9174,1000,18,1,1700012450,1700235362,0
GSM,646,2,1020,12971,-1,48.4148,-18.9296,1000,1,1,1700032086,1700032086,0
UMTS,646,2,4420,765429,2,47.2336,-15.0232,1000,7,1,1699936547,1700235363,0
GSM,646,2,4020,41042,-1,47.232,-15.0227,1000,1,1,1699936657,1699936657,0
UMTS,646,2,4420,765808,2,47.232,-15.0227,1000,1,1,1699936751,1699936751,0
GSM,646,2,1050,11792,-1,47.5417,-19.0077,1000,1,1,1717921483,1717921483,0
LTE,646,2,1610,4544514,-1,44.0241,-18.0609,1000,2,1,1743514379,1743523681,0
GSM,643,4,600,30122,0,34.8449,-19.825,1035,14,1,1406038930,1717130434,0
GSM,643,4,620,30071,0,34.8461,-19.7571,8019,16,1,1408004071,1717130474,0
GSM,643,4,600,31972,0,34.8488,-19.8403,1067,9,1,1458950298,1716957596,0
GSM,643,4,620,30232,0,34.871,-19.791,4798,9,1,1458950298,1717043791,0
GSM,643,4,600,30022,0,34.8484,-19.8391,1000,18,1,1458950298,1716957596,0
GSM,643,4,600,31971,0,34.8453,-19.8377,1000,8,1,1458950298,1716957596,0
GSM,643,4,600,30003,0,34.8501,-19.8161,2134,11,1,1458950298,1717130329,0
GSM,643,4,600,30463,0,34.8515,-19.8235,9382,34,1,1458950298,1717130329,0
GSM,643,4,620,31721,0,34.64,-19.5355,4262,2,1,1454064373,1716957542,0
GSM,643,4,600,30673,0,34.8478,-19.8188,1298,6,1,1458950298,1717130316,0
GSM,643,4,600,30211,0,34.8459,-19.8281,1000,10,1,1458950298,1716957588,0
GSM,643,4,600,30011,0,34.8439,-19.8305,1000,27,1,1458950298,1716957604,0
GSM,643,4,600,30242,0,34.8489,-19.8348,1000,8,1,1458950298,1716957592,0
GSM,643,4,600,30353,0,34.8499,-19.8322,1415,28,1,1458950298,1716957600,0
GSM,643,4,600,30043,0,34.8496,-19.8285,1885,37,1,1458950298,1717130459,0
GSM,643,4,620,31682,0,34.7779,-19.6786,4205,4,1,1454064387,1717216449,0
GSM,643,4,620,30343,0,34.8478,-19.7381,1607,6,1,1458950298,1717130474,0
GSM,643,4,600,30171,0,34.8392,-19.8302,1611,11,1,1458950298,1717130409,0
GSM,643,4,600,30021,0,34.8478,-19.8393,1000,18,1,1458950298,1716957592,0
GSM,643,4,620,31751,0,34.8062,-19.703,6234,3,1,1454064387,1717216425,0
GSM,643,4,620,30131,0,34.7992,-19.7003,6996,6,1,1458950298,1717216413,0
GSM,643,4,600,30212,0,34.8494,-19.8316,2921,37,1,1458950298,1717130366,0
GSM,643,4,600,30571,0,34.8438,-19.8333,1000,22,1,1458950298,1716957592,0
GSM,643,4,600,31973,0,34.8493,-19.8463,1000,4,1,1458950298,1716957596,0
GSM,643,4,620,31752,0,34.7795,-19.6858,4992,4,1,1454064387,1717216425,0
GSM,643,4,600,30102,0,34.8451,-19.8338,1000,17,1,1458950298,1716957592,0
GSM,643,4,600,30563,0,34.8414,-19.8304,1309,8,1,1458950298,1717130447,0
GSM,643,4,620,31521,0,34.7694,-19.658,1788,2,1,1454064387,1717216461,0
GSM,643,4,600,30352,0,34.8505,-19.8386,1000,9,1,1458950298,1716957600,0
GSM,643,4,600,30221,0,34.8409,-19.8331,2058,19,1,1458950298,1717130431,0
GSM,643,4,600,30173,0,34.8378,-19.8279,1435,7,1,1458950298,1717130221,0
GSM,643,4,600,30561,0,34.8399,-19.8302,1229,19,1,1458950298,1717130447,0
GSM,643,4,600,30101,0,34.8437,-19.8327,2079,17,1,1458950298,1717130457,0
GSM,643,4,600,30213,0,34.844,-19.8267,1418,19,1,1458950298,1717130363,0
GSM,643,4,600,30001,0,34.8546,-19.8041,3288,9,1,1458950298,1717130316,0
GSM,643,4,600,30252,0,34.8502,-19.8264,2074,11,1,1458950298,1717130344,0
GSM,643,4,600,30121,0,34.8509,-19.8199,1136,6,1,1458950298,1716957588,0
GSM,643,4,620,30143,0,34.8531,-19.7756,7168,8,1,1458950298,1717130474,0
GSM,643,4,600,30581,0,34.8426,-19.8353,1000,13,1,1458950298,1716957592,0
GSM,643,4,600,30272,0,34.8506,-19.8442,1000,3,1,1458950298,1716957596,0
GSM,643,4,620,31002,0,34.8011,-19.7021,6713,4,1,1454064387,1717216461,0
GSM,643,4,600,30243,0,34.8468,-19.8303,1000,28,1,1458950298,1716957604,0
GSM,643,4,600,30572,0,34.8409,-19.835,1000,11,1,1458950298,1716957592,0
GSM,643,4,600,30662,0,34.8601,-19.8395,1675,4,1,1458950298,1716957596,0
GSM,643,4,600,30782,0,34.8368,-19.8238,1000,5,1,1458950298,1717130445,0
GSM,643,4,600,30012,0,34.8416,-19.8322,1985,17,1,1458950298,1717130416,0
GSM,643,4,600,30583,0,34.8447,-19.8369,1000,8,1,1462451178,1716957600,0
GSM,643,4,620,31001,0,34.77,-19.6668,7278,5,1,1462527859,1717216449,0
GSM,643,4,620,30992,0,34.8304,-19.7348,1439,9,1,1463941283,1716957622,0
GSM,643,4,620,30072,0,34.8299,-19.7355,2027,12,1,1463941282,1717043739,0
GSM,643,4,600,30593,0,34.8591,-19.8068,3033,13,1,1463941282,1717130423,0
GSM,643,4,620,30501,0,34.8266,-19.7308,1350,10,1,1463941283,1717043707,0
GSM,643,4,620,30093,0,34.8312,-19.734,2855,6,1,1463941283,1717043707,0
GSM,643,4,620,30323,0,34.8565,-19.7462,1202,4,1,1464501381,1717130474,0
GSM,643,4,600,30251,0,34.8558,-19.8247,1800,7,1,1464524718,1717130324,0
GSM,643,4,600,30023,0,34.8434,-19.8405,1000,6,1,1464524718,1716957592,0
GSM,643,4,620,30091,0,34.8428,-19.7377,1795,6,1,1464524718,1717130474,0
GSM,643,4,620,30062,0,34.8621,-19.791,5658,9,1,1464524718,1717130471,0
GSM,643,4,600,30123,0,34.8464,-19.8168,1195,6,1,1464524718,1717130419,0
GSM,643,4,600,30253,0,34.8499,-19.8205,2412,8,1,1465319137,1717130324,0
GSM,643,4,600,30002,0,34.8487,-19.8189,1519,7,1,1465319137,1717130329,0
GSM,643,4,600,30591,0,34.8612,-19.8037,2224,8,1,1467554730,1717130409,0
GSM,643,4,620,30341,0,34.8496,-19.7736,4149,4,1,1467554730,1716957565,0
GSM,643,4,620,30991,0,34.8184,-19.7248,4059,6,1,1467554730,1717043818,0
GSM,643,4,620,30292,0,34.8716,-19.8005,2103,6,1,1467554730,1717130316,0
GSM,643,4,620,30142,0,34.8418,-19.7439,2426,7,1,1467554730,1717043796,0
GSM,643,4,620,30291,0,34.8681,-19.79,1875,7,1,1467554730,1717130318,0
GSM,643,4,620,30342,0,34.8632,-19.7625,1661,7,1,1467554730,1716957619,0
GSM,643,4,620,30362,0,34.8698,-19.7662,1913,6,1,1467554730,1716957616,0
GSM,643,4,620,30373,0,34.8702,-19.7893,1051,7,1,1467554730,1717043791,0
GSM,643,4,620,30993,0,34.7988,-19.7094,3508,6,1,1467554730,1717216413,0
GSM,643,4,620,30333,0,34.8827,-19.7875,1283,5,1,1467554730,1717043791,0
GSM,643,4,620,30503,0,34.8356,-19.7391,1000,3,1,1469454413,1717043707,0
GSM,643,4,620,30293,0,34.8596,-19.7959,2446,7,1,1471061316,1717130318,0
GSM,643,4,620,30502,0,34.8562,-19.7668,4228,6,1,1471061316,1717043707,0
GSM,643,4,620,30451,0,34.8667,-19.768,1447,3,1,1471061316,1716957619,0
GSM,643,4,620,30132,0,34.8108,-19.7243,7055,8,1,1473231928,1717216413,0
GSM,643,4,620,30231,0,34.8703,-19.7734,1000,2,1,1473209303,1717043791,0
GSM,643,4,600,30191,0,34.8822,-19.8156,2427,2,1,1473648097,1717130317,0
GSM,643,4,600,30193,0,34.847,-19.8074,1000,4,1,1484382460,1717130317,0
GSM,643,4,620,30453,0,34.8353,-19.7595,4190,3,1,1485243444,1717043781,0
GSM,643,4,620,30371,0,34.8774,-19.782,1000,2,1,1488939485,1716957616,0
GSM,643,4,620,31731,0,34.6003,-19.4983,1613,5,1,1489496174,1716957542,0
GSM,643,4,2950,11843,-1,32.5264,-25.9369,2113,7,1,1506054280,1727415564,0
GSM,643,4,2950,10772,-1,32.5346,-25.9326,1553,3,1,1506054305,1727415564,0
GSM,643,4,2550,13112,-1,31.9931,-25.472,2788,21,1,1678299621,1743139691,0
GSM,643,4,2550,13111,-1,31.9916,-25.4664,2728,21,1,1678299621,1743139691,0
GSM,643,4,2550,13211,-1,31.9955,-25.4883,8040,21,1,1678276749,1743139691,0
GSM,643,4,2550,13113,-1,31.9921,-25.4688,2993,22,1,1678299621,1743139691,0
GSM,643,4,2550,13203,-1,31.9922,-25.4666,5592,22,1,1678369245,1743139775,0
GSM,643,4,2550,13212,-1,31.9936,-25.486,4372,22,1,1678714622,1743139691,0
GSM,643,4,2550,13213,-1,32.0798,-25.5683,18689,17,1,1678714622,1742453057,0
GSM,643,4,2550,13222,-1,32.1489,-25.6239,6590,16,1,1678792341,1743139926,0
GSM,643,4,2550,13101,-1,32.1257,-25.6114,6454,18,1,1678792341,1743139892,0
GSM,643,4,2550,13223,-1,32.1808,-25.6356,12413,22,1,1678792341,1743139895,0
GSM,643,4,2550,13132,-1,32.2755,-25.702,8200,21,1,1678793247,1743139895,0
GSM,643,4,2550,13232,-1,32.2327,-25.6604,9569,13,1,1678793247,1728106855,0
GSM,643,4,2550,13221,-1,32.2093,-25.6467,7303,22,1,1678793247,1743139926,0
GSM,643,4,2550,13133,-1,32.2155,-25.6483,5973,24,1,1678793247,1743139895,0
GSM,643,4,2550,13131,-1,32.241,-25.6665,8715,18,1,1678793247,1743139895,0
GSM,643,4,2550,13241,-1,32.2906,-25.7226,13209,18,1,1678794147,1743139924,0
GSM,643,4,2550,13243,-1,32.3271,-25.7555,7408,14,1,1678794147,1743139924,0
GSM,643,4,2550,13242,-1,32.3296,-25.7576,4843,13,1,1678794147,1743139924,0
GSM,643,4,2520,13191,-1,32.2652,-25.6952,11308,16,1,1678794147,1743139924,0
GSM,643,4,2550,15042,-1,32.427,-25.8622,2554,8,1,1678796853,1742539493,0
GSM,643,4,2550,15041,-1,32.4162,-25.8386,3589,17,1,1678817982,1742539493,0
GSM,643,4,2550,15043,-1,32.428,-25.8754,2597,12,1,1678795953,1742539493,0
GSM,643,4,2550,13252,-1,32.4208,-25.8574,3208,6,1,1678801395,1725687430,0
GSM,643,4,2550,15983,-1,32.4293,-25.8657,1563,3,1,1678796853,1717216699,0
GSM,643,4,2550,15303,-1,32.4231,-25.8507,4113,5,1,1678795953,1742453061,0
GSM,643,4,2550,15873,-1,32.4146,-25.8483,1600,4,1,1678798640,1717648651,0
GSM,643,4,2550,11652,-1,32.4336,-25.8906,1822,13,1,1678795953,1728106989,0
GSM,643,4,2550,11653,-1,32.4321,-25.8785,2574,12,1,1678795953,1743139921,0
GSM,643,4,2510,14131,-1,32.4332,-25.887,1000,5,1,1678795953,1728106989,0
GSM,643,4,2550,15863,-1,32.4332,-25.8843,1534,5,1,1678795953,1725687410,0
GSM,643,4,2550,10991,-1,32.4191,-25.8517,3377,8,1,1678817982,1742539493,0
GSM,643,4,2550,10993,-1,32.421,-25.8498,3986,14,1,1678796853,1742539493,0
GSM,643,4,2550,13253,-1,32.4127,-25.8331,3397,16,1,1678817982,1743139899,0
GSM,643,4,2550,13251,-1,32.416,-25.836,3351,13,1,1678817982,1742453061,0
GSM,643,4,2550,15511,-1,32.4184,-25.8446,1159,8,1,1678817982,1717648636,0
GSM,643,4,2550,15742,-1,32.4129,-25.8325,2853,11,1,1678817982,1728711123,0
GSM,643,4,2550,15733,-1,32.4208,-25.8424,2486,11,1,1678816152,1742453061,0
GSM,643,4,2550,16573,-1,32.4191,-25.8399,3029,7,1,1678817982,1727415535,0
GSM,643,4,2550,11881,-1,32.4091,-25.829,1614,3,1,1678820731,1728711123,0
GSM,643,4,2550,15641,-1,32.424,-25.8127,1000,3,1,1678857533,1717302791,0
GSM,643,4,2550,15642,-1,32.4166,-25.8125,2221,4,1,1678857533,1728711071,0
GSM,643,4,2550,11501,-1,32.424,-25.8127,1000,3,1,1678855703,1717302791,0
GSM,643,4,2550,12132,-1,32.424,-25.8127,1000,3,1,1678857533,1717302791,0
GSM,643,4,2550,13141,-1,32.3833,-25.8002,4527,13,1,1678857533,1728711126,0
GSM,643,4,2550,12781,-1,32.4235,-25.8247,2061,3,1,1678850933,1717648717,0
GSM,643,4,2550,15613,-1,32.3508,-25.7748,10183,9,1,1678852781,1728711126,0
GSM,643,4,2550,15763,-1,32.4252,-25.8133,1000,2,1,1678841715,1717216725,0
GSM,643,4,2550,15731,-1,32.4185,-25.8171,3023,4,1,1678858392,1731997893,0
GSM,643,4,2550,15732,-1,32.4281,-25.8198,1000,3,1,1678858392,1717302791,0
GSM,643,4,2550,11553,-1,32.4078,-25.8168,2515,3,1,1678858392,1728711071,0
GSM,643,4,2550,11503,-1,32.4142,-25.8191,1829,2,1,1678858392,1717648672,0
GSM,643,4,2550,11651,-1,32.4336,-25.8836,1000,4,1,1678859298,1743139921,0
GSM,643,4,2510,10521,-1,32.4532,-25.9405,1000,4,1,1678860198,1727501656,0
GSM,643,4,2510,10523,-1,32.4523,-25.9378,1000,5,1,1678860198,1728711104,0
GSM,643,4,2510,10522,-1,32.4536,-25.9428,1000,4,1,1678860198,1727415538,0
GSM,643,4,2510,15163,-1,32.4528,-25.937,1000,7,1,1678860198,1743139909,0
GSM,643,4,2510,10973,-1,32.4533,-25.9411,1000,5,1,1678860198,1727501596,0
GSM,643,4,2510,15162,-1,32.4522,-25.938,1000,5,1,1678860198,1728711113,0
GSM,643,4,2510,11623,-1,32.4602,-25.9342,1177,2,1,1678860198,1717216701,0
GSM,643,4,2950,10771,-1,32.5312,-25.9387,1000,3,1,1678861098,1722057690,0
GSM,643,4,2950,10773,-1,32.5121,-25.937,2792,6,1,1678861098,1742539489,0
GSM,643,4,2950,11842,-1,32.5428,-25.9459,1881,4,1,1678861098,1722057690,0
GSM,643,4,2510,14041,-1,32.525,-25.9279,1845,2,1,1678861098,1727415541,0
GSM,643,4,2510,12092,-1,32.5207,-25.9346,1728,4,1,1678861098,1727415564,0
GSM,643,4,2950,10291,-1,32.5595,-25.9285,1000,2,1,1678861998,1742453064,0
GSM,643,4,2950,10823,-1,32.5549,-25.9285,1000,2,1,1678866497,1722057708,0
GSM,643,4,2950,10293,-1,32.5564,-25.9295,1000,4,1,1678866497,1742453064,0
GSM,643,4,2950,10292,-1,32.5591,-25.9323,1000,5,1,1678861998,1742539484,0
GSM,643,4,2950,17573,-1,32.5577,-25.9288,1000,4,1,1678861998,1742453064,0
GSM,643,4,2950,12882,-1,32.5618,-25.9261,1000,2,1,1678863798,1742453064,0
GSM,643,4,2950,11841,-1,32.5405,-25.9425,1000,3,1,1678864698,1722057690,0
GSM,643,4,2950,10682,-1,32.5542,-25.943,1006,2,1,1678864698,1707140004,0
GSM,643,4,2950,10543,-1,32.5383,-25.9265,1655,3,1,1678904150,1722057712,0
GSM,643,4,2950,10821,-1,32.5549,-25.9285,1000,2,1,1678866497,1722057708,0
GSM,643,4,2510,15092,-1,32.5113,-25.931,1000,2,1,1678936913,1706765913,0
GSM,643,4,2540,10483,-1,32.51,-25.9229,1000,2,1,1678936913,1727415541,0
GSM,643,4,2510,15583,-1,32.4629,-25.9527,1000,2,1,1678937831,1709271304,0
GSM,643,4,2510,10971,-1,32.4604,-25.9489,1000,5,1,1678937831,1727415538,0
GSM,643,4,2510,10501,-1,32.4578,-25.9441,1103,4,1,1678937831,1728711113,0
GSM,643,4,2510,12982,-1,32.4604,-25.9489,1000,5,1,1678937831,1727415538,0
GSM,643,4,2510,15582,-1,32.471,-25.949,1558,3,1,1678937831,1722057686,0
GSM,643,4,2510,10721,-1,32.4803,-25.9448,2182,5,1,1678937831,1702618634,0
GSM,643,4,2510,10723,-1,32.4644,-25.952,1000,3,1,1678937831,1722057686,0
GSM,643,4,2550,10651,-1,32.4188,-25.8541,3553,4,1,1678938731,1725687430,0
GSM,643,4,2550,12011,-1,32.4326,-25.8833,3105,12,1,1678938731,1743139921,0
GSM,643,4,2550,13142,-1,32.379,-25.8002,3622,11,1,1678939631,1743139899,0
GSM,643,4,2550,13143,-1,32.3774,-25.7988,3842,10,1,1678939631,1743139899,0
GSM,643,4,2550,13201,-1,31.9877,-25.4472,2071,18,1,1678946884,1743139934,0
GSM,643,4,2550,12202,-1,31.9918,-25.4717,2732,9,1,1680241883,1727415552,0
GSM,643,4,2550,12203,-1,31.9902,-25.4489,1270,10,1,1680241883,1743139934,0
GSM,643,4,2550,13102,-1,32.087,-25.5783,7883,17,1,1680593257,1743139892,0
GSM,643,4,2550,13121,-1,32.073,-25.5658,6020,14,1,1680593257,1743139892,0
GSM,643,4,2510,15411,-1,32.4339,-25.8964,1923,10,1,1680596961,1731908948,0
GSM,643,4,2510,15413,-1,32.4348,-25.9098,1000,6,1,1680596961,1743139902,0
GSM,643,4,2510,11581,-1,32.4346,-25.9089,1379,9,1,1680596961,1743139902,0
GSM,643,4,2510,11583,-1,32.435,-25.9092,1419,9,1,1680596961,1743139902,0
GSM,643,4,2510,14133,-1,32.4338,-25.8965,1170,7,1,1680596961,1731908948,0
GSM,643,4,2510,15363,-1,32.416,-25.9161,2086,2,1,1680596961,1731997805,0
GSM,643,4,2510,12981,-1,32.4845,-25.9423,1000,4,1,1680600471,1707140025,0
GSM,643,4,2510,11641,-1,32.4872,-25.9406,1019,4,1,1680600471,1742453062,0
GSM,643,4,2510,10642,-1,32.4843,-25.9422,1000,3,1,1680600471,1707140025,0
GSM,643,4,2510,11642,-1,32.4849,-25.9427,1000,2,1,1680599610,1702618583,0
GSM,643,4,2510,10562,-1,32.4871,-25.9413,1068,5,1,1680600471,1742453062,0
GSM,643,4,2510,11643,-1,32.4843,-25.9423,1000,3,1,1680599610,1707140025,0
GSM,643,4,2510,11582,-1,32.4386,-25.9177,1477,9,1,1680601388,1743139902,0
GSM,643,4,2510,13661,-1,32.4255,-25.9183,2888,9,1,1680601388,1743139915,0
GSM,643,4,2510,11872,-1,32.447,-25.929,1644,3,1,1680601388,1728711090,0
GSM,643,4,2510,10513,-1,32.4411,-25.9193,1834,12,1,1680601388,1743139902,0
GSM,643,4,2510,15452,-1,32.4288,-25.9222,3050,6,1,1680601388,1731997885,0
GSM,643,4,2510,10593,-1,32.4178,-25.921,2066,2,1,1680601388,1731997869,0
GSM,643,4,2510,13662,-1,32.4393,-25.9189,1000,2,1,1680601388,1722057717,0
GSM,643,4,2550,15741,-1,32.3945,-25.8125,1564,7,1,1680661961,1743139899,0
GSM,643,4,2550,13122,-1,32.0244,-25.5422,9344,13,1,1680664630,1743139929,0
GSM,643,4,2550,12201,-1,31.9881,-25.4454,1000,8,1,1680665538,1743139934,0
GSM,643,1,2250,27211,-1,33.4913,-16.3262,5475,18,1,1687437059,1705210459,0
GSM,643,1,2250,27212,-1,33.4391,-16.3709,7568,19,1,1687437930,1705643136,0
GSM,643,1,2250,27213,-1,33.4387,-16.3694,6027,18,1,1687437930,1705643136,0
GSM,643,1,2250,27311,-1,33.3932,-16.5094,5697,18,1,1687438846,1705643143,0
GSM,643,1,2250,27312,-1,33.3858,-16.5323,5028,19,1,1687438846,1705643146,0
GSM,643,1,2250,27313,-1,33.3879,-16.5255,5423,18,1,1687438846,1705643151,0
GSM,643,1,2250,27021,-1,33.2903,-16.7889,13810,25,1,1687457838,1705643159,0
GSM,643,1,2250,27023,-1,33.2789,-16.8646,9956,26,1,1687457838,1705643185,0
GSM,643,1,2250,27022,-1,33.2794,-16.8656,9824,26,1,1687457838,1705643185,0
GSM,643,1,2251,24271,-1,33.1939,-15.341,12930,23,1,1687425239,1705642997,0
GSM,643,1,2251,24273,-1,33.2101,-15.379,11214,22,1,1687425239,1705643047,0
GSM,643,1,2251,24272,-1,33.2101,-15.3789,11214,22,1,1687425239,1705642997,0
GSM,643,1,2251,24803,-1,33.4609,-15.7996,4825,18,1,1687428981,1705124301,0
GSM,643,1,2251,24801,-1,33.466,-15.8098,8445,18,1,1687428981,1705124301,0
GSM,643,1,2251,24802,-1,33.4769,-15.8298,7581,19,1,1687429786,1705643070,0
GSM,643,1,2250,24011,-1,33.5889,-16.1987,8020,15,1,1687434376,1705643105,0
GSM,643,1,2250,24333,-1,33.5863,-16.2003,3074,12,1,1687434376,1705643117,0
GSM,643,1,2250,24013,-1,33.5105,-16.3055,11795,6,1,1687435231,1705210459,0
GSM,643,1,2250,24131,-1,33.5994,-16.1448,7722,10,1,1687433402,1705643105,0
GSM,643,1,2250,24471,-1,33.5605,-16.0172,7930,11,1,1687431600,1699853673,0
GSM,643,1,2250,24863,-1,33.5711,-16.0348,8205,9,1,1687431600,1703137003,0
GSM,643,1,2250,24661,-1,33.6166,-16.0916,5000,17,1,1687432502,1703137003,0
GSM,643,1,2250,24663,-1,33.6163,-16.1009,6012,17,1,1687432502,1703137003,0
GSM,643,1,2250,24153,-1,33.6155,-16.0895,5317,7,1,1687432502,1703137003,0
GSM,643,1,2250,24033,-1,33.6139,-16.0827,4626,7,1,1687432502,1703137003,0
GSM,643,1,2250,24141,-1,33.6155,-16.1119,7855,20,1,1687432502,1705124312,0
GSM,643,1,2250,24662,-1,33.6154,-16.1234,5094,19,1,1687432502,1705124312,0
GSM,643,1,2250,24391,-1,33.6149,-16.0995,6481,12,1,1687432502,1705124312,0
GSM,643,1,2250,24121,-1,33.6074,-16.1405,2468,21,1,1687433402,1705643105,0
GSM,643,1,2250,24411,-1,33.5979,-16.151,1645,12,1,1687433402,1705643105,0
GSM,643,1,2250,24481,-1,33.6028,-16.1448,8017,17,1,1687433402,1705643105,0
GSM,643,1,2250,24862,-1,33.6023,-16.1561,5600,11,1,1687433402,1702532317,0
GSM,643,1,2250,24371,-1,33.6053,-16.1432,2357,15,1,1687433402,1705124315,0
GSM,643,1,2250,24331,-1,33.5858,-16.2027,2825,15,1,1687434376,1705643117,0
GSM,643,1,2250,24332,-1,33.5791,-16.2244,2405,17,1,1687434376,1705643116,0
GSM,643,1,2250,24342,-1,33.5889,-16.1891,3463,12,1,1687434376,1705210405,0
GSM,643,1,2250,24393,-1,33.5814,-16.2143,9883,10,1,1687434376,1705643122,0
GSM,643,1,2250,24012,-1,33.5521,-16.2621,8526,23,1,1687436171,1705643122,0
GSM,643,1,2230,27041,-1,33.3538,-17.4215,6497,13,1,1687483147,1705210553,0
GSM,643,1,2230,27042,-1,33.3475,-17.4369,3332,17,1,1687483147,1705643238,0
GSM,643,1,2230,27043,-1,33.3481,-17.4352,2795,16,1,1687483147,1705643238,0
GSM,643,1,2230,27253,-1,33.2474,-17.6979,13588,18,1,1687485852,1705210564,0
GSM,643,1,2230,27251,-1,33.2067,-17.8862,14932,2,1,1687489678,1705210564,0
GSM,643,1,2230,27252,-1,33.2352,-17.7719,27992,17,1,1687489678,1705210564,0
GSM,643,1,2230,27032,-1,33.1839,-18.0708,16573,18,1,1687490411,1705210582,0
GSM,643,1,2230,27031,-1,33.1965,-17.9651,15031,16,1,1687490411,1702532191,0
GSM,643,1,2230,27033,-1,33.1817,-18.0617,8033,16,1,1687490411,1705210582,0
GSM,643,1,2230,27081,-1,33.2184,-18.3334,27321,18,1,1687493145,1705643276,0
GSM,643,1,2230,27083,-1,33.2264,-18.3758,27258,15,1,1687498184,1705643276,0
GSM,643,1,2230,27082,-1,33.2456,-18.4303,20871,19,1,1687498184,1705643279,0
GSM,643,1,2230,22082,-1,33.3172,-19.065,4709,19,1,1687504953,1705815881,0
GSM,643,1,2230,26123,-1,33.3139,-19.0292,11043,26,1,1687504953,1705815878,0
GSM,643,1,2230,22083,-1,33.2931,-19.0507,6571,13,1,1687504953,1705729386,0
GSM,643,1,2230,22081,-1,33.2867,-19.0131,16908,22,1,1687504953,1705210630,0
GSM,643,1,2230,26122,-1,33.3409,-19.0731,4464,20,1,1687504953,1705815878,0
GSM,643,1,2230,26083,-1,33.3887,-19.0875,7597,21,1,1687505870,1705815881,0
GSM,643,1,2230,26363,-1,33.4328,-19.102,3757,14,1,1687505870,1705729392,0
GSM,643,1,2230,26141,-1,33.4834,-19.1179,6721,11,1,1687506750,1705815874,0
GSM,643,1,2230,26103,-1,33.4756,-19.1185,6742,14,1,1687506750,1705815874,0
GSM,643,1,2230,26143,-1,33.4731,-19.1164,1231,9,1,1687506750,1705729392,0
GSM,643,1,2230,26082,-1,33.4658,-19.1134,1567,8,1,1687506750,1705729392,0
GSM,643,1,2230,26321,-1,33.4617,-19.1104,7747,8,1,1687506750,1703050865,0
GSM,643,1,2230,26403,-1,33.4817,-19.1201,3776,13,1,1687506750,1705815874,0
GSM,643,1,2230,26362,-1,33.5184,-19.1119,5957,12,1,1687506750,1705815872,0
GSM,643,1,2230,26231,-1,33.6224,-19.0872,8472,22,1,1687508548,1705815868,0
GSM,643,1,2230,26232,-1,33.6207,-19.0957,9337,19,1,1687507746,1705815868,0
GSM,643,1,2230,26043,-1,33.6095,-19.0874,9018,19,1,1687508548,1705815868,0
GSM,643,1,2230,26042,-1,33.6695,-19.0904,5759,22,1,1687508548,1705815868,0
GSM,643,1,2230,26041,-1,33.666,-19.0907,5448,22,1,1687508548,1705815868,0
GSM,643,1,2230,26242,-1,33.762,-19.0924,7653,22,1,1687510373,1705815861,0
GSM,643,1,2230,26481,-1,33.7423,-19.0889,5354,20,1,1687509460,1705815861,0
GSM,643,1,2230,26352,-1,33.9008,-19.1807,13381,26,1,1687512170,1705815849,0
GSM,643,1,2230,26253,-1,33.8222,-19.1369,13682,20,1,1687510373,1705815856,0
GSM,643,1,2230,26251,-1,33.8487,-19.1565,6559,21,1,1687510373,1705815856,0
GSM,643,1,2230,26183,-1,33.8679,-19.1705,19522,24,1,1687511298,1705815853,0
GSM,643,1,2230,26181,-1,33.9442,-19.2076,24963,28,1,1687512170,1705815849,0
GSM,643,1,2230,26353,-1,33.822,-19.1106,2861,9,1,1687510373,1705729406,0
GSM,643,1,2230,26182,-1,33.9819,-19.2216,14376,29,1,1687512170,1705815849,0
GSM,643,1,2200,26032,-1,34.0465,-19.2339,10882,30,1,1687513071,1705815849,0
GSM,643,1,2200,26031,-1,34.1169,-19.2484,18683,25,1,1687513071,1705815845,0
GSM,643,1,2200,26171,-1,34.2228,-19.2804,13461,24,1,1687514870,1705815838,0
GSM,643,1,2200,26172,-1,34.2432,-19.2922,10964,23,1,1687514870,1705815834,0
GSM,643,1,2200,26173,-1,34.1864,-19.262,5783,23,1,1687513951,1705815842,0
GSM,643,1,2200,21143,-1,34.4885,-19.4245,37347,14,1,1687514870,1705815804,0
GSM,643,1,2200,26213,-1,34.4079,-19.3836,9103,23,1,1687515776,1705815825,0
GSM,643,1,2200,26211,-1,34.4278,-19.3968,8103,21,1,1687515776,1705815825,0
GSM,643,1,2200,26212,-1,34.4432,-19.4067,7517,23,1,1687515776,1705815825,0
GSM,643,1,2200,21333,-1,34.5625,-19.4717,6889,23,1,1687517576,1705815817,0
GSM,643,1,2200,21331,-1,34.5737,-19.4804,16144,16,1,1687519366,1705815821,0
GSM,643,1,2200,21332,-1,34.6259,-19.5234,14846,17,1,1687519366,1705729460,0
GSM,643,1,2200,21323,-1,34.6495,-19.5457,19867,15,1,1687519366,1705815813,0
GSM,643,1,2200,21142,-1,34.5951,-19.4991,7245,9,1,1687517576,1705815808,0
GSM,643,1,2200,26021,-1,34.6178,-19.5216,15198,14,1,1687518476,1705815677,0
GSM,643,1,2200,26022,-1,34.6414,-19.5405,8753,21,1,1687518476,1705815677,0
GSM,643,1,2200,21321,-1,34.6841,-19.5643,5021,13,1,1687519366,1705729460,0
GSM,643,1,2200,21322,-1,34.6656,-19.5573,3391,12,1,1687519366,1705729460,0
GSM,643,1,2200,26011,-1,34.7378,-19.5974,9220,22,1,1687520264,1705729464,0
GSM,643,1,2200,26013,-1,34.747,-19.6184,4157,15,1,1687520264,1705729464,0
GSM,643,1,2200,26311,-1,34.7363,-19.5938,5078,20,1,1687520264,1705729464,0
GSM,643,1,2200,26072,-1,34.7299,-19.5837,3148,21,1,1687520264,1705729464,0
GSM,643,1,2200,20613,-1,34.8118,-19.7216,9321,25,1,1687544616,1705729473,0
GSM,643,1,2200,26282,-1,34.8228,-19.7289,8814,34,1,1687544616,1706074515,0
GSM,643,1,2200,20612,-1,34.8246,-19.7328,8313,23,1,1687544616,1705988408,0
GSM,643,1,2200,20111,-1,34.8407,-19.7626,5467,24,1,1687538288,1706161092,0
GSM,643,1,2200,20073,-1,34.8464,-19.7879,7310,22,1,1687530216,1706161057,0
GSM,643,1,2200,20071,-1,34.8456,-19.7706,6696,30,1,1687544616,1706160919,0
GSM,643,1,2200,20611,-1,34.837,-19.7363,7367,35,1,1687535580,1706074652,0
GSM,643,1,2200,26012,-1,34.7809,-19.6798,8688,20,1,1687541060,1705729464,0
GSM,643,1,2200,20153,-1,34.845,-19.7778,7333,18,1,1687540096,1706160919,0
GSM,643,1,2200,20243,-1,34.8379,-19.742,9858,33,1,1687540096,1705988139,0
GSM,643,1,2200,20141,-1,34.8281,-19.7622,6484,25,1,1687541060,1705729612,0
GSM,643,1,2200,20272,-1,34.8674,-19.7878,4357,24,1,1687569841,1706161001,0
GSM,643,1,2200,20191,-1,34.8654,-19.7612,4952,32,1,1687569841,1705988111,0
GSM,643,1,2200,20192,-1,34.871,-19.7885,2213,12,1,1687569841,1705988229,0
GSM,643,1,2200,20242,-1,34.87,-19.7762,4416,8,1,1687569841,1705988229,0
GSM,643,1,2200,20273,-1,34.8635,-19.7575,6977,31,1,1687588819,1705988111,0
GSM,643,1,2200,20241,-1,34.8638,-19.7478,6434,27,1,1687569841,1705988111,0
GSM,643,1,2200,20271,-1,34.8637,-19.7468,6374,29,1,1687588819,1705988180,0
GSM,643,1,2200,20223,-1,34.8524,-19.7893,7728,30,1,1687587899,1706160992,0
GSM,643,1,2200,20181,-1,34.8432,-19.7717,9410,36,1,1687584298,1706160919,0
GSM,643,1,2200,20211,-1,34.8554,-19.7844,8546,32,1,1687587899,1706160919,0
GSM,643,1,2200,20193,-1,34.8595,-19.7963,7953,27,1,1687586983,1706160919,0
GSM,643,1,2200,20213,-1,34.837,-19.7852,6635,10,1,1687573457,1700631452,0
GSM,643,1,2200,20253,-1,34.8589,-19.8021,1131,14,1,1687587899,1706074668,0
GSM,643,1,2200,20112,-1,34.843,-19.8121,1000,9,1,1687582466,1699940307,0
GSM,643,1,2200,20291,-1,34.838,-19.7775,6965,19,1,1687587899,1706161071,0
GSM,643,1,2200,20031,-1,34.8394,-19.7744,6062,23,1,1687583399,1706161082,0
GSM,643,1,2200,20222,-1,34.847,-19.8103,2454,14,1,1687579783,1706161042,0
GSM,643,1,2200,20113,-1,34.8361,-19.8176,1000,8,1,1687581583,1700631429,0
GSM,643,1,2200,20011,-1,34.8367,-19.7999,8227,13,1,1687583399,1700631429,0
GSM,643,1,2200,20212,-1,34.8543,-19.8068,1000,2,1,1687586079,1700631387,0
GSM,643,1,2200,20251,-1,34.8637,-19.7981,2157,23,1,1687587899,1706160919,0
GSM,643,1,2200,20083,-1,34.8506,-19.7392,4815,30,1,1687588819,1705988111,0
GSM,643,1,2200,20321,-1,34.8639,-19.7454,2511,29,1,1687588819,1705988111,0
GSM,643,1,2200,20081,-1,34.8679,-19.7529,4431,27,1,1687588819,1705815666,0
GSM,643,1,2200,20323,-1,34.8537,-19.7396,7531,25,1,1687588819,1705988176,0
GSM,643,1,2200,20173,-1,34.8198,-19.7339,9317,28,1,1687596938,1702272867,0
GSM,643,1,2200,20233,-1,34.8202,-19.7292,1796,24,1,1687713166,1705729473,0
GSM,643,1,2200,20231,-1,34.8392,-19.7356,6179,30,1,1687713166,1705988111,0
GSM,643,4,3510,41820,-1,33.1183,-16.8851,2581,8,1,1687843813,1741586152,0
GSM,643,4,3510,32031,-1,33.2573,-16.8381,2214,8,1,1687844944,1741586154,0
GSM,643,4,3510,32032,-1,33.2893,-16.775,13778,8,1,1687845674,1741586154,0
GSM,643,4,3510,32033,-1,33.2724,-16.8316,1000,4,1,1687844944,1738391368,0
GSM,643,4,3510,40492,-1,33.3542,-16.6113,25411,8,1,1687848351,1741586154,0
GSM,643,4,3510,40493,-1,33.3256,-16.6801,17178,6,1,1687847448,1741586154,0
GSM,643,4,3510,40491,-1,33.3711,-16.5426,12307,7,1,1687849205,1718858113,0
GSM,643,4,3510,40280,-1,33.3749,-16.5487,6451,9,1,1687848351,1741586168,0
GSM,643,4,3510,40223,-1,33.4553,-16.3509,1958,4,1,1687850103,1716871129,0
GSM,643,4,3510,40224,-1,33.4816,-16.3337,4722,9,1,1687850103,1741586180,0
GSM,643,4,3510,40221,-1,33.4557,-16.3565,9682,6,1,1687850103,1741586174,0
GSM,643,4,3510,40222,-1,33.4413,-16.3655,6977,7,1,1687850103,1741586174,0
GSM,643,4,3510,40212,-1,33.5144,-16.3086,5646,11,1,1687851013,1741586180,0
GSM,643,4,3510,40211,-1,33.5258,-16.2979,3974,6,1,1687851013,1738391403,0
GSM,643,4,3510,40622,-1,33.5351,-16.2867,3354,3,1,1687851013,1703914754,0
GSM,643,4,3510,40213,-1,33.5071,-16.3161,3006,4,1,1687851013,1741586174,0
GSM,643,4,3510,40962,-1,33.5775,-16.2284,2196,6,1,1687851960,1718858058,0
GSM,643,4,3510,40963,-1,33.5769,-16.2301,1558,10,1,1687851960,1741586187,0
GSM,643,4,3510,40562,-1,33.6405,-16.12,2828,5,1,1687877178,1741586187,0
GSM,643,4,3510,42132,-1,33.5873,-16.2098,3903,9,1,1687852860,1741586190,0
GSM,643,4,3510,42352,-1,33.5868,-16.2138,2872,5,1,1687852860,1718858058,0
GSM,643,4,3510,40132,-1,33.5976,-16.2083,3527,6,1,1687851960,1725342579,0
GSM,643,4,3510,40052,-1,33.5824,-16.2154,3281,11,1,1687852860,1741586187,0
GSM,643,4,3510,40961,-1,33.588,-16.2095,2269,10,1,1687852860,1738391420,0
GSM,643,4,3510,42133,-1,33.5916,-16.201,1497,9,1,1687852860,1741586190,0
GSM,643,4,3510,40712,-1,33.586,-16.2081,4182,9,1,1687852860,1741586190,0
GSM,643,4,3510,40673,-1,33.5961,-16.2021,3959,10,1,1687852860,1741586190,0
GSM,643,4,3510,40841,-1,33.6047,-16.1456,2316,3,1,1687853765,1703828369,0
GSM,643,4,3510,42301,-1,33.633,-16.1199,2940,8,1,1687889754,1741586196,0
GSM,643,4,3510,42302,-1,33.6194,-16.1525,5023,6,1,1687889754,1718772001,0
GSM,643,4,3510,42303,-1,33.6189,-16.1177,2163,4,1,1687854610,1716871098,0
GSM,643,4,3510,40122,-1,33.6259,-16.1275,2795,5,1,1687889754,1703914514,0
GSM,643,4,3510,40073,-1,33.6202,-16.1273,2162,5,1,1687889754,1703914514,0
GSM,643,4,3510,40071,-1,33.6391,-16.1261,3916,9,1,1687889754,1741586196,0
GSM,643,4,3510,40551,-1,33.6188,-16.1277,3262,6,1,1687889754,1716871098,0
GSM,643,4,3510,40651,-1,33.62,-16.1237,2836,4,1,1687889754,1716871098,0
GSM,643,4,3510,40552,-1,33.6332,-16.1425,6104,7,1,1687867231,1738391454,0
GSM,643,4,3510,40652,-1,33.6184,-16.1341,1414,5,1,1687884384,1703914670,0
GSM,643,4,3510,40121,-1,33.6167,-16.1033,1000,2,1,1687924888,1716871098,0
GSM,643,4,3510,40131,-1,33.6287,-16.1323,2426,4,1,1687915018,1703914514,0
GSM,643,4,3510,40042,-1,33.6188,-16.1202,1355,2,1,1687924888,1703914571,0
GSM,643,4,3510,40573,-1,33.6212,-16.1321,1000,4,1,1687918621,1703914525,0
GSM,643,4,3510,40123,-1,33.6412,-16.1086,2822,5,1,1687924888,1741586196,0
GSM,643,4,3510,40563,-1,33.6437,-16.1102,3119,3,1,1687923123,1703914683,0
GSM,643,4,3510,40041,-1,33.651,-16.1105,3893,5,1,1687924038,1741586196,0
GSM,643,4,3510,40931,-1,33.5963,-16.1525,1000,2,1,1687925795,1716871102,0
GSM,643,4,3510,40321,-1,33.5963,-16.1525,1000,2,1,1687925795,1716871102,0
GSM,643,4,3510,40001,-1,33.6002,-16.1489,1147,3,1,1687925795,1716871102,0
GSM,643,4,3510,40303,-1,33.6086,-16.1422,2046,5,1,1687925795,1716871102,0
GSM,643,4,3510,40053,-1,33.5847,-16.2089,1938,10,1,1687926697,1738391412,0
GSM,643,4,3510,40601,-1,33.6023,-16.1961,1734,4,1,1687926697,1738391429,0
GSM,643,4,3510,42091,-1,33.59,-16.1848,1119,2,1,1687926697,1703914675,0
GSM,643,4,3510,42092,-1,33.5861,-16.1922,1000,2,1,1687926697,1716871106,0
GSM,643,4,3510,40722,-1,33.5861,-16.1922,1000,2,1,1687926697,1716871106,0
GSM,643,4,3510,40383,-1,33.5861,-16.1922,1000,2,1,1687926697,1716871106,0
GSM,643,4,3510,40621,-1,33.5486,-16.2644,1000,2,1,1687927609,1703914754,0
GSM,643,4,3420,32120,-1,33.3172,-16.7539,23856,6,1,1687933106,1741586159,0
GSM,643,1,2200,20221,-1,34.8501,-19.8111,1417,11,1,1687970073,1700631422,0
GSM,643,1,2200,20143,-1,34.8366,-19.8169,1000,5,1,1687961942,1700631463,0
GSM,643,1,2200,20103,-1,34.8513,-19.8077,1971,5,1,1687961942,1705556610,0
GSM,643,1,2200,20072,-1,34.8576,-19.8073,1394,9,1,1687970073,1706161037,0
GSM,643,1,2200,26312,-1,34.7756,-19.6697,7828,23,1,1687975443,1705729469,0
GSM,643,1,2200,26281,-1,34.7755,-19.6721,6437,26,1,1687987199,1705729469,0
GSM,643,1,2200,26283,-1,34.7809,-19.6822,3903,22,1,1687986260,1705729469,0
GSM,643,1,2200,26313,-1,34.7379,-19.6169,7020,5,1,1687987199,1699767574,0
GSM,643,1,2200,26073,-1,34.7266,-19.5781,2286,18,1,1687988080,1705729634,0
GSM,643,1,2200,26071,-1,34.728,-19.5784,1438,18,1,1687988080,1705729634,0
GSM,643,1,2200,26023,-1,34.5046,-19.4434,13179,9,1,1687988960,1702791339,0
GSM,643,1,2200,26343,-1,34.2235,-19.2853,12332,23,1,1687992569,1705729426,0
GSM,643,1,2200,26341,-1,34.2945,-19.3199,9553,21,1,1687991660,1705729436,0
GSM,643,1,2200,26033,-1,34.0524,-19.2349,8579,16,1,1687993460,1705815845,0
GSM,643,1,2230,26252,-1,33.906,-19.1874,22044,23,1,1687995303,1705815856,0
GSM,643,1,2230,26351,-1,33.8261,-19.117,3778,10,1,1687996207,1705729406,0
GSM,643,1,2230,26241,-1,33.7506,-19.0875,4775,18,1,1687997066,1705729402,0
GSM,643,1,2230,26243,-1,33.7362,-19.0872,5267,19,1,1687997066,1705729402,0
GSM,643,1,2230,26402,-1,33.511,-19.1235,3311,11,1,1687999790,1702446008,0
GSM,643,1,2230,26401,-1,33.533,-19.1174,2188,3,1,1687999790,1703050861,0
GSM,643,1,2230,26101,-1,33.5116,-19.1253,1228,3,1,1687999790,1702705194,0
GSM,643,1,2230,22031,-1,33.4166,-19.0953,2224,3,1,1688000688,1697863079,0
GSM,643,1,2230,26451,-1,33.4792,-19.1151,4776,2,1,1688000688,1702446008,0
GSM,643,1,2250,24213,-1,33.5258,-16.2977,6213,9,1,1688046063,1705210459,0
GSM,643,1,2250,24143,-1,33.6104,-16.1395,3222,19,1,1688063220,1705124312,0
GSM,643,1,2250,24482,-1,33.5932,-16.1766,3426,16,1,1688048787,1705643111,0
GSM,643,1,2250,24861,-1,33.5937,-16.1871,6665,12,1,1688047871,1705643122,0
GSM,643,1,2250,24132,-1,33.5937,-16.1747,3507,15,1,1688048787,1705643105,0
GSM,643,1,2250,24483,-1,33.5931,-16.1699,2644,12,1,1688048787,1705643111,0
GSM,643,1,2250,24513,-1,33.5973,-16.1671,1000,4,1,1688048787,1705643111,0
GSM,643,1,2250,24142,-1,33.614,-16.1338,1011,18,1,1688063220,1705124331,0
GSM,643,1,2250,24133,-1,33.5884,-16.1836,2632,5,1,1691020925,1705210405,0
GSM,643,1,2230,27101,-1,33.3053,-17.5081,9032,17,1,1691046355,1705643242,0
GSM,643,1,2230,27102,-1,33.2669,-17.5867,10413,18,1,1691047253,1705643242,0
GSM,643,1,2230,27103,-1,33.2595,-17.6037,12454,17,1,1691047253,1705643246,0
GSM,643,1,2230,27091,-1,33.241,-17.712,15413,17,1,1691049955,1705210564,0
GSM,643,1,2230,27093,-1,33.2217,-17.8122,23537,18,1,1691050853,1705643255,0
GSM,643,1,2230,27092,-1,33.216,-17.8407,20681,19,1,1691050853,1705643255,0
GSM,643,1,2230,27011,-1,33.2753,-18.9086,12911,21,1,1691062683,1705729342,0
GSM,643,1,2230,27013,-1,33.2725,-18.9182,8796,22,1,1691062683,1705729342,0
GSM,643,1,2230,27012,-1,33.2674,-18.9448,7272,21,1,1691062683,1705729342,0
GSM,643,1,2230,26121,-1,33.3678,-19.0794,6763,21,1,1691087011,1705815878,0
GSM,643,1,2230,26081,-1,33.4529,-19.1069,8302,10,1,1691100533,1705729392,0
GSM,643,1,2230,26142,-1,33.5026,-19.1214,5112,12,1,1691101421,1705815874,0
GSM,643,1,2230,26133,-1,33.4917,-19.1216,4303,7,1,1691101421,1702705194,0
GSM,643,1,2230,26131,-1,33.5522,-19.1047,7762,13,1,1691102292,1705815872,0
GSM,643,1,2200,21361,-1,34.2371,-19.2948,14076,11,1,1691113167,1705729436,0
GSM,643,1,2200,26342,-1,34.3245,-19.3342,6465,16,1,1691113167,1705815821,0
GSM,643,1,2200,20232,-1,34.8605,-19.7544,5771,27,1,1691160007,1706074609,0
GSM,643,1,2200,20063,-1,34.8648,-19.7969,1822,19,1,1691135708,1706160933,0
GSM,643,1,2200,20082,-1,34.8558,-19.7534,6378,18,1,1691160007,1705988223,0
GSM,643,1,2200,20021,-1,34.8358,-19.8051,8767,9,1,1691158205,1700631457,0
GSM,643,1,2200,20051,-1,34.8549,-19.7792,6909,4,1,1691916961,1703050696,0
GSM,643,1,2230,26132,-1,33.5105,-19.1245,1360,5,1,1692055847,1702705194,0
GSM,643,1,2230,26381,-1,33.4047,-19.0888,2801,9,1,1692056798,1703050869,0
GSM,643,1,2230,26323,-1,33.401,-19.0867,2454,5,1,1692056798,1700631602,0
GSM,643,1,2230,26333,-1,33.4135,-19.0914,7499,5,1,1692056798,1705210641,0
GSM,643,1,2250,24673,-1,33.5432,-16.2761,3188,2,1,1692098478,1703136989,0
GSM,643,1,2250,24372,-1,33.5864,-16.19,1000,2,1,1692099354,1705124361,0
GSM,643,1,2250,24092,-1,33.6006,-16.1556,4403,15,1,1693571308,1705643105,0
GSM,643,1,2250,24091,-1,33.6149,-16.1106,5765,14,1,1693571308,1705124315,0
GSM,643,1,2250,24122,-1,33.5909,-16.1856,2387,6,1,1693572186,1705124360,0
GSM,643,1,2230,27051,-1,33.3113,-18.7238,12174,17,1,1693629300,1705643292,0
GSM,643,1,2230,27053,-1,33.3055,-18.756,13646,17,1,1693629300,1705643292,0
GSM,643,1,2230,27052,-1,33.2841,-18.8672,11365,20,1,1693631099,1705729370,0
GSM,643,1,2230,26191,-1,33.2322,-18.9949,8558,7,1,1693631969,1705815885,0
GSM,643,1,2230,22033,-1,33.2856,-19.0049,4840,6,1,1693631969,1705210633,0
GSM,643,1,2230,26192,-1,33.2211,-19.0188,7791,3,1,1693631969,1705815885,0
GSM,643,1,2230,26452,-1,33.4435,-19.1055,6386,8,1,1693634699,1705729392,0
GSM,643,1,2230,26361,-1,33.4254,-19.0978,3176,2,1,1693634699,1705815878,0
GSM,643,1,2230,26372,-1,33.5383,-19.1151,1947,6,1,1693635574,1705729395,0
GSM,643,1,2230,22202,-1,33.5273,-19.1219,1000,5,1,1693635574,1702446008,0
GSM,643,1,2230,26292,-1,33.5217,-19.1203,4546,8,1,1693635574,1702705194,0
GSM,643,1,2230,26291,-1,33.5274,-19.1218,1000,3,1,1693635574,1698816380,0
GSM,643,1,2230,26233,-1,33.5517,-19.1082,7683,16,1,1693636461,1705815872,0
GSM,643,1,2200,26471,-1,34.7961,-19.7011,4485,33,1,1693655414,1705729630,0
GSM,643,1,2200,26472,-1,34.8274,-19.7448,7874,37,1,1693676119,1706160919,0
GSM,643,1,2200,20322,-1,34.863,-19.7758,3725,19,1,1693803195,1706074549,0
GSM,643,1,2200,20033,-1,34.8184,-19.7285,1000,5,1,1693838360,1705556507,0
GSM,643,1,2200,25022,-1,33.6591,-19.0709,8090,3,1,1693963739,1698816376,0
GSM,643,1,2230,22201,-1,33.5581,-19.1061,1234,4,1,1693964618,1705210643,0
GSM,643,4,3510,40103,-1,33.5847,-16.2107,1000,4,1,1694542460,1718858058,0
GSM,643,4,3510,40322,-1,33.5832,-16.2114,3566,4,1,1694532514,1718858101,0
GSM,643,4,3510,40051,-1,33.5969,-16.2012,1953,9,1,1694543315,1741586190,0
GSM,643,4,3510,40713,-1,33.5866,-16.197,1000,3,1,1694555064,1716871106,0
GSM,643,4,3510,40012,-1,33.5858,-16.2183,5895,10,1,1694555064,1741586193,0
GSM,643,4,3510,40671,-1,33.6368,-16.1642,5918,5,1,1694555969,1738391454,0
GSM,643,4,3510,40143,-1,33.6888,-16.1133,2315,5,1,1694556868,1725342582,0
GSM,643,4,3510,40663,-1,33.6957,-16.115,1000,5,1,1694556868,1741586198,0
GSM,643,4,3510,40141,-1,33.7195,-16.1098,5523,5,1,1694557774,1725342582,0
GSM,643,4,3510,40661,-1,33.6978,-16.1155,1057,4,1,1694556868,1741586198,0
GSM,643,4,3510,40823,-1,33.6999,-16.116,1681,5,1,1694556868,1741586198,0
GSM,643,4,3510,40142,-1,33.6851,-16.1122,1895,4,1,1694556868,1725342582,0
GSM,643,4,3510,40643,-1,33.6994,-16.116,1736,5,1,1694556868,1741586198,0
GSM,643,4,3510,40031,-1,33.7631,-16.1101,1090,4,1,1694557774,1741586201,0
GSM,643,4,3510,40821,-1,33.7726,-16.1029,1000,3,1,1694557774,1741586201,0
GSM,643,4,3510,40641,-1,33.766,-16.1084,1000,3,1,1694557774,1741586201,0
GSM,643,4,3510,40642,-1,33.7414,-16.1133,2903,2,1,1694557774,1718166973,0
GSM,643,4,3510,41433,-1,33.744,-16.1077,8132,6,1,1694557774,1741586203,0
GSM,643,4,3520,40410,-1,33.9308,-16.0266,2597,3,1,1694559581,1741586212,0
GSM,643,4,3520,40632,-1,34.0286,-15.9438,1925,4,1,1694560505,1741586214,0
GSM,643,4,3520,40631,-1,34.0454,-15.9369,2596,3,1,1694560505,1738391473,0
GSM,643,4,3520,40423,-1,34.0989,-15.8968,3732,5,1,1694561347,1741586216,0
GSM,643,4,3520,40442,-1,34.2442,-15.7963,9267,6,1,1694563152,1741586221,0
GSM,643,4,3520,40440,-1,34.2484,-15.7934,9795,6,1,1694563152,1741586221,0
GSM,643,4,3520,40443,-1,34.2912,-15.7743,2192,4,1,1694563152,1741586227,0
GSM,643,4,3520,41172,-1,34.3404,-15.7249,2325,5,1,1694564055,1741586232,0
GSM,643,4,3520,41173,-1,34.3505,-15.7064,8325,6,1,1694564055,1741586227,0
GSM,643,4,3520,41180,-1,34.322,-15.5962,13198,4,1,1694566817,1718771979,0
GSM,643,4,3520,41211,-1,34.3441,-15.6934,7152,6,1,1694565876,1741586234,0
GSM,643,4,3520,41171,-1,34.3387,-15.6743,8997,5,1,1694566817,1741586232,0
GSM,643,4,3520,41113,-1,34.3082,-15.5904,1000,2,1,1694566817,1738391490,0
GSM,643,4,3520,41111,-1,34.3082,-15.5904,1000,2,1,1694566817,1738391496,0
GSM,643,4,3520,41212,-1,34.3147,-15.5859,10503,4,1,1694566817,1738391496,0
GSM,643,4,3520,41221,-1,34.334,-15.3693,5833,5,1,1694568577,1738391502,0
GSM,643,4,3520,41222,-1,34.334,-15.3693,5833,5,1,1694568577,1738391499,0
GSM,643,4,3520,41223,-1,34.3099,-15.3147,7258,5,1,1694569461,1738391508,0
GSM,643,4,3520,41190,-1,34.2986,-15.1743,16706,5,1,1694570474,1738391499,0
GSM,643,4,3520,41271,-1,34.2988,-15.1761,16902,4,1,1694570474,1738391505,0
GSM,643,4,3520,41272,-1,34.3024,-15.2704,6160,4,1,1694570474,1738391499,0
GSM,643,4,3520,41200,-1,34.2908,-15.0055,7375,5,1,1694572168,1738391524,0
GSM,643,4,3520,43460,-1,34.3252,-14.8861,8613,3,1,1694573070,1738391527,0
GSM,643,4,3520,41162,-1,34.308,-14.9211,2200,2,1,1694573070,1738391527,0
GSM,643,4,3520,41123,-1,34.3613,-14.7474,7645,6,1,1694575169,1738478832,0
GSM,643,4,3520,41122,-1,34.3613,-14.7474,7645,6,1,1694575169,1738478832,0
GSM,643,4,3520,41124,-1,34.358,-14.727,1688,5,1,1694575169,1738478832,0
GSM,643,4,3520,41503,-1,34.3422,-14.6845,1545,2,1,1694575823,1738478878,0
GSM,643,4,3520,41121,-1,34.3474,-14.6996,3319,4,1,1694575823,1738478875,0
GSM,643,4,3520,41501,-1,34.3422,-14.6845,1545,2,1,1694575823,1738478878,0
GSM,643,4,3520,41283,-1,34.3422,-14.6845,1545,2,1,1694575823,1738478878,0
GSM,643,4,3520,41502,-1,34.3547,-14.7191,2527,6,1,1694575823,1738478875,0
GSM,643,4,3520,41651,-1,34.2964,-14.5834,3401,5,1,1694576933,1738478881,0
GSM,643,4,3520,41653,-1,34.295,-14.5677,3789,5,1,1694576933,1738478881,0
GSM,643,4,3520,41652,-1,34.2964,-14.5834,3401,5,1,1694576933,1738478881,0
GSM,643,4,3520,40243,-1,34.324,-14.4003,1000,8,1,1694628976,1738836731,0
GSM,643,4,3520,40244,-1,34.3231,-14.4024,1000,4,1,1694578483,1738836739,0
GSM,643,4,3520,40242,-1,34.331,-14.4,1306,5,1,1694628976,1741848938,0
GSM,643,4,3520,41161,-1,34.2957,-14.5626,3216,3,1,1694763009,1738478881,0
GSM,643,4,3520,41282,-1,34.3525,-14.7117,4765,3,1,1694764600,1738478878,0
GSM,643,4,3520,41281,-1,34.3594,-14.7306,1000,3,1,1694764600,1738478867,0
GSM,643,4,3520,43012,-1,34.331,-14.8782,7547,2,1,1694767301,1738391527,0
GSM,643,4,3520,40633,-1,34.1902,-15.8398,13842,4,1,1694778141,1741586216,0
GSM,643,4,3520,40911,-1,33.9469,-16.0162,1000,2,1,1694779379,1741586212,0
GSM,643,4,3520,40913,-1,33.9143,-16.0356,3237,3,1,1694779959,1741586212,0
GSM,643,4,3510,41431,-1,33.7708,-16.1039,2156,3,1,1694781712,1741586203,0
GSM,643,4,3510,61022,-1,33.7668,-16.1067,1635,2,1,1694781712,1741586203,0
GSM,643,4,3510,40741,-1,33.7569,-16.115,1000,2,1,1694781712,1741586201,0
GSM,643,4,3510,40191,-1,33.7569,-16.115,1000,2,1,1694781712,1741586201,0
GSM,643,4,3510,40561,-1,33.6576,-16.1121,1000,4,1,1694782617,1741586196,0
GSM,643,4,3510,40043,-1,33.6375,-16.105,2314,2,1,1694782617,1716871098,0
GSM,643,4,3510,42131,-1,33.6029,-16.1988,1000,4,1,1694783540,1741586190,0
GSM,643,4,3510,40892,-1,33.5702,-16.2422,1000,2,1,1694784443,1741586187,0
GSM,643,4,3510,42192,-1,33.6025,-16.2089,5100,3,1,1694784443,1725342579,0
GSM,643,4,3510,40833,-1,33.4115,-16.3956,3598,4,1,1694786248,1741586174,0
GSM,643,4,3510,40832,-1,33.4423,-16.3655,5857,5,1,1694786248,1741586180,0
GSM,643,4,3510,40831,-1,33.4403,-16.3651,6009,6,1,1694786248,1741586180,0
GSM,643,4,3510,40480,-1,33.3168,-16.7097,7541,6,1,1694788915,1741586154,0
GSM,643,4,3510,41310,-1,32.8936,-16.9633,2365,6,1,1694794242,1741586119,0
GSM,643,4,3510,40201,-1,32.8716,-16.9637,5401,11,1,1694802459,1741586119,0
GSM,643,4,3510,40203,-1,32.864,-16.964,1488,13,1,1694802459,1741586119,0
GSM,643,4,3510,40202,-1,32.8637,-16.9642,2851,13,1,1694802459,1741586119,0
GSM,643,1,2200,21273,-1,34.458,-19.4117,10008,4,1,1695023064,1705815834,0
GSM,643,1,2200,20473,-1,34.8369,-19.8161,1000,2,1,1695123172,1700631463,0
GSM,643,1,2230,26322,-1,33.5054,-19.1148,5573,3,1,1695210602,1700631599,0
GSM,643,1,2230,22321,-1,33.3954,-16.4735,2711,3,1,1696371008,1705643143,0
GSM,643,1,2230,22323,-1,33.3349,-16.6333,21432,4,1,1696372850,1705643143,0
GSM,643,1,2200,21182,-1,34.1209,-19.2436,3624,5,1,1696622680,1702445991,0
GSM,643,1,2230,27132,-1,33.3055,-16.9567,3988,4,1,1696661603,1705210528,0
GSM,643,1,2230,27131,-1,33.2928,-16.9213,6553,4,1,1696662519,1705210524,0
GSM,643,1,2230,27133,-1,33.2829,-16.9093,6677,4,1,1696662519,1705210520,0
GSM,643,1,2250,24851,-1,33.6082,-16.1401,2559,4,1,1696674305,1702705005,0
GSM,643,1,2250,24341,-1,33.5996,-16.1497,1297,2,1,1697450540,1705124349,0
GSM,643,4,2550,16610,-1,32.2674,-25.6963,7677,10,1,1697466801,1722057674,0
GSM,643,4,2510,15451,-1,32.4339,-25.9087,1354,5,1,1697468541,1743139906,0
GSM,643,4,2550,12012,-1,32.4341,-25.8982,1728,9,1,1697468541,1743139921,0
GSM,643,4,2510,15111,-1,32.4845,-25.9423,1000,4,1,1697480383,1707140025,0
GSM,643,4,2510,15113,-1,32.4811,-25.944,1559,5,1,1697480383,1722057686,0
GSM,643,4,2510,15112,-1,32.4868,-25.941,1075,5,1,1697480383,1742453062,0
GSM,643,4,2510,15812,-1,32.485,-25.9426,1000,3,1,1697474956,1702618628,0
GSM,643,4,2510,15581,-1,32.4756,-25.9469,1175,4,1,1697502403,1722057686,0
GSM,643,1,2200,21183,-1,34.0918,-19.2344,1840,3,1,1697518384,1700113314,0
GSM,643,1,2200,21152,-1,34.1446,-19.2503,3769,4,1,1697523867,1700631550,0
GSM,643,1,2200,21153,-1,34.168,-19.264,14508,4,1,1697740126,1705296786,0
GSM,643,1,2230,26453,-1,33.4159,-19.0949,1000,2,1,1697761777,1698816385,0
GSM,643,1,2230,22221,-1,33.5182,-16.3064,1000,2,1,1697804414,1698816613,0
GSM,643,1,2250,24493,-1,33.5801,-16.2227,2268,8,1,1698275708,1705643117,0
GSM,643,1,2200,26473,-1,34.8114,-19.7234,1000,7,1,1698514356,1702186509,0
GSM,643,1,2230,26223,-1,32.7144,-19.0013,4048,4,1,1699610366,1705815897,0
GSM,643,1,2230,26303,-1,32.7038,-19.0068,1000,2,1,1699596788,1700199518,0
GSM,643,1,2230,26222,-1,32.7023,-19.0055,2608,3,1,1699640110,1705815894,0
GSM,643,1,2230,26052,-1,32.716,-19.0051,1991,4,1,1699640110,1705815900,0
GSM,643,1,2230,22263,-1,32.7262,-18.9988,2730,2,1,1699589591,1700199501,0
GSM,643,1,2230,26053,-1,32.7267,-19.0008,2841,4,1,1699640110,1705815900,0
GSM,643,1,2230,26051,-1,32.7287,-19.0012,2687,4,1,1699640110,1705815894,0
GSM,643,1,2230,26221,-1,32.8068,-18.9758,3765,2,1,1699674658,1705815894,0
GSM,643,1,2230,26162,-1,32.9212,-18.949,1946,3,1,1699675590,1705815891,0
GSM,643,1,2230,26161,-1,32.9212,-18.949,1946,3,1,1699675590,1705815891,0
GSM,643,1,2230,22262,-1,32.9212,-18.949,1946,3,1,1699675590,1705815891,0
GSM,643,1,2230,26163,-1,32.9291,-18.9536,1000,2,1,1699675590,1705815891,0
GSM,643,1,2230,26203,-1,33.0486,-18.9881,2832,3,1,1699676458,1705815888,0
GSM,643,1,2230,26193,-1,33.0404,-18.986,1945,2,1,1699676458,1700199483,0
GSM,643,1,2230,22011,-1,33.0586,-18.9892,1000,1,1,1699676458,1699676458,0
GSM,643,1,2230,26482,-1,34.0191,-19.2328,5143,3,1,1699691830,1702445995,0
GSM,643,1,2200,20393,-1,34.8606,-19.7412,1000,4,1,1699709828,1705815685,0
GSM,643,1,2230,27062,-1,33.3183,-18.7273,4152,2,1,1699778166,1705210609,0
GSM,643,1,2230,27063,-1,33.3164,-18.6581,3667,2,1,1699777066,1705210609,0
GSM,643,1,2230,27061,-1,33.2956,-18.5882,4422,3,1,1699777066,1705210609,0
GSM,643,1,2200,20053,-1,34.8575,-19.8054,1439,2,1,1699858640,1702359448,0
GSM,643,1,2200,20493,-1,34.8575,-19.7819,8445,11,1,1699896509,1706160928,0
GSM,643,1,2200,20491,-1,34.8506,-19.7736,6097,3,1,1699958631,1703050647,0
GSM,643,1,2230,25043,-1,33.9703,-19.2267,1000,1,1,1700076211,1700076211,0
GSM,643,1,2230,26202,-1,33.1618,-19.0335,1000,1,1,1700094873,1700094873,0
GSM,643,1,2230,26201,-1,33.0223,-18.9828,1000,1,1,1700095878,1700095878,0
GSM,643,1,2251,24913,-1,33.5187,-16.3062,1000,1,1,1700623966,1700623966,0
GSM,643,4,10005,61000,-1,30.3975,-15.619,1000,1,1,1701582259,1701582259,0
UMTS,643,1,1200,106779,0,32.5545,-25.9554,1000,1,1,1702040526,1702040526,0
GSM,643,1,2200,26242,-1,34.1162,-19.2402,1000,1,1,1702378699,1702378699,0
GSM,643,4,2550,13202,-1,31.9846,-25.442,1000,16,1,1702405260,1743139934,0
GSM,643,1,2250,24152,-1,33.6164,-16.1108,1000,1,1,1702451711,1702451711,0
GSM,643,4,2510,10512,-1,32.4444,-25.9263,1301,7,1,1702506171,1743139915,0
GSM,643,4,2510,12043,-1,32.4453,-25.9273,1059,5,1,1702506171,1728106930,0
GSM,643,4,2510,15603,-1,32.4544,-25.9442,1000,2,1,1702519140,1727415566,0
GSM,643,4,2510,11622,-1,32.4538,-25.9364,1102,8,1,1702519140,1743139909,0
GSM,643,4,2510,15951,-1,32.4341,-25.91,1000,1,1,1702520046,1702520046,0
GSM,643,4,2510,11351,-1,32.4366,-25.9175,2738,7,1,1702520946,1743139902,0
UMTS,643,1,2300,282261,0,34.8388,-19.8165,1000,1,1,1702638477,1702638477,0
UMTS,643,1,2300,312366,0,34.8469,-19.8208,1000,1,1,1702828416,1702828416,0
GSM,643,1,2200,20252,-1,34.8672,-19.7962,1000,1,1,1702941055,1702941055,0
GSM,643,1,2230,22203,-1,33.476,-19.1178,1000,2,1,1702968971,1705210641,0
GSM,643,1,2250,24672,-1,33.5274,-16.3004,1000,1,1,1703026757,1703026757,0
UMTS,643,1,2300,288431,0,34.7779,-19.6753,1000,1,1,1703133703,1703133703,0
UMTS,643,1,2300,288221,0,34.7308,-19.5837,1000,1,1,1703232773,1703232773,0
UMTS,643,1,2300,321217,0,34.6891,-19.5679,1000,1,1,1703330124,1703330124,0
UMTS,643,1,2300,288215,0,34.7266,-19.5827,1000,1,1,1703416497,1703416497,0
UMTS,643,1,2300,321215,0,34.731,-19.5845,1000,1,1,1703502646,1703502646,0
UMTS,643,1,2300,288217,0,34.6983,-19.5694,1000,1,1,1703561296,1703561296,0
UMTS,643,1,2300,288223,0,34.7076,-19.5736,1000,1,1,1703625982,1703625982,0
UMTS,643,1,2300,282763,0,34.8133,-19.7228,1000,1,1,1703675314,1703675314,0
UMTS,643,1,2300,312757,0,34.8139,-19.7228,1000,1,1,1703683604,1703683604,0
GSM,643,4,3510,40553,-1,33.6096,-16.1403,1000,2,1,1703685047,1703914670,0
GSM,643,4,3510,40351,-1,33.6096,-16.1403,1000,2,1,1703685047,1703914670,0
GSM,643,4,3510,40891,-1,33.6211,-16.132,1000,3,1,1703687734,1703914514,0
GSM,643,4,3510,40352,-1,33.6078,-16.1416,1000,1,1,1703822900,1703822900,0
GSM,643,4,3510,40111,-1,33.6031,-16.1461,1000,2,1,1703822900,1716871102,0
GSM,643,4,3510,40312,-1,33.6027,-16.1834,2734,3,1,1703823806,1741586193,0
GSM,643,4,3510,40862,-1,33.6111,-16.18,1907,2,1,1703823806,1741586193,0
GSM,643,4,3510,40721,-1,33.5939,-16.1755,1000,1,1,1703823806,1703823806,0
GSM,643,4,3510,40381,-1,33.6142,-16.1776,4142,4,1,1703823806,1741586193,0
GSM,643,4,3510,40072,-1,33.6076,-16.1962,1000,1,1,1703824710,1703824710,0
GSM,643,4,3510,40662,-1,33.7374,-16.1108,3655,2,1,1703840925,1718167046,0
GSM,643,4,3510,40822,-1,33.7108,-16.1188,1000,2,1,1703826526,1718166973,0
GSM,643,4,3510,40392,-1,33.7095,-16.1188,1000,2,1,1703840035,1718166973,0
GSM,643,4,3510,40393,-1,33.689,-16.1133,2331,4,1,1703840925,1725342582,0
GSM,643,4,3510,40571,-1,33.6514,-16.1329,1000,1,1,1703841829,1703841829,0
GSM,643,4,3510,40301,-1,33.6051,-16.1974,1000,1,1,1703842688,1703842688,0
GSM,643,4,3420,32190,-1,33.3368,-16.6728,1000,1,1,1703849010,1703849010,0
UMTS,643,1,2300,282757,0,34.8149,-19.7234,1000,1,1,1703891516,1703891516,0
GSM,643,1,2230,27071,-1,33.2206,-18.2159,1484,2,1,1705126442,1705643274,0
GSM,643,1,2230,27073,-1,33.2094,-18.3446,1000,2,1,1705129148,1705643279,0
GSM,643,1,2230,27072,-1,33.21,-18.3539,1094,2,1,1705129148,1705643279,0
GSM,643,1,2230,22333,-1,33.2969,-18.5796,1000,1,1,1705132801,1705132801,0
GSM,643,1,2200,20161,-1,34.8661,-19.7968,1000,1,1,1705506362,1705506362,0
GSM,643,1,2200,20061,-1,34.8604,-19.7417,1000,2,1,1705684646,1705815690,0
GSM,643,1,2230,16961,-1,32.7337,-19.0012,1000,1,1,1705746231,1705746231,0
GSM,643,4,2510,11741,-1,32.4126,-25.9247,2979,3,1,1706714867,1731997750,0
GSM,643,4,2510,15082,-1,32.4506,-25.9352,1963,6,1,1706714867,1728711087,0
GSM,643,4,2510,15173,-1,32.4424,-25.9236,1000,1,1,1706714867,1706714867,0
GSM,643,4,2510,15091,-1,32.5163,-25.931,1000,1,1,1706715767,1706715767,0
GSM,643,4,2950,14593,-1,32.5593,-25.9535,1000,1,1,1706716667,1706716667,0
GSM,643,4,2950,11072,-1,32.5593,-25.9535,1000,1,1,1706716667,1706716667,0
GSM,643,4,2950,14591,-1,32.5593,-25.9535,1000,1,1,1706716667,1706716667,0
GSM,643,4,2950,10172,-1,32.5585,-25.9549,1000,2,1,1706716667,1707140020,0
GSM,643,4,2950,11073,-1,32.5593,-25.9535,1000,1,1,1706716667,1706716667,0
GSM,643,4,2950,16332,-1,32.5593,-25.9535,1000,1,1,1706716667,1706716667,0
GSM,643,4,2950,10251,-1,32.5585,-25.9549,1000,2,1,1706716667,1707140020,0
GSM,643,4,2950,10131,-1,32.5736,-25.9423,1000,6,1,1706721315,1742539385,0
GSM,643,4,2960,14033,-1,32.5747,-25.9484,1000,1,1,1706717568,1706717568,0
GSM,643,4,2950,10212,-1,32.5747,-25.9484,1000,1,1,1706717568,1706717568,0
GSM,643,4,2950,14601,-1,32.5747,-25.9484,1000,1,1,1706717568,1706717568,0
GSM,643,4,2950,12332,-1,32.5747,-25.9484,1000,1,1,1706717568,1706717568,0
GSM,643,4,2950,10881,-1,32.5746,-25.9407,1000,5,1,1706717568,1742539385,0
GSM,643,4,2950,16702,-1,32.5719,-25.9462,1000,1,1,1706718527,1706718527,0
GSM,643,4,2950,11993,-1,32.5743,-25.9408,1000,4,1,1706725228,1727415544,0
GSM,643,4,2950,10681,-1,32.569,-25.9381,1143,6,1,1706718527,1742539484,0
GSM,643,4,2950,16703,-1,32.5685,-25.947,1000,2,1,1706718527,1707140004,0
GSM,643,4,2950,10213,-1,32.5696,-25.9431,1205,4,1,1706718527,1742539484,0
GSM,643,4,2950,16701,-1,32.5746,-25.9423,1000,1,1,1706721315,1706721315,0
GSM,643,4,2950,10901,-1,32.5719,-25.9462,1000,1,1,1706718527,1706718527,0
GSM,643,4,2950,16503,-1,32.5747,-25.9382,1000,5,1,1706725228,1742539385,0
GSM,643,4,2950,10232,-1,32.5743,-25.9384,1000,7,1,1706725228,1742539385,0
GSM,643,4,2950,10273,-1,32.5726,-25.9385,1113,7,1,1706725228,1742539385,0
GSM,643,4,2950,12303,-1,32.5743,-25.9398,1000,7,1,1706725228,1742539385,0
GSM,643,4,2950,11991,-1,32.5741,-25.9393,1000,6,1,1706725228,1742453065,0
GSM,643,4,2950,10233,-1,32.5723,-25.9364,1016,6,1,1706725228,1742539438,0
GSM,643,4,2950,10231,-1,32.5751,-25.9359,1000,2,1,1706720422,1707139921,0
GSM,643,4,2950,16501,-1,32.5748,-25.934,1000,3,1,1706720422,1709271323,0
GSM,643,4,2950,16692,-1,32.5744,-25.9363,1000,6,1,1706720422,1742539398,0
GSM,643,4,2950,14001,-1,32.5739,-25.9428,1000,3,1,1706721315,1727415558,0
GSM,643,4,2950,10211,-1,32.574,-25.9429,1000,2,1,1706721315,1727415558,0
GSM,643,4,2950,12243,-1,32.5696,-25.9358,1567,4,1,1706746963,1727415561,0
GSM,643,4,2960,10183,-1,32.5738,-25.9398,1000,3,1,1706750555,1727415548,0
GSM,643,4,2950,11093,-1,32.5738,-25.9383,1000,2,1,1706749655,1709271336,0
GSM,643,4,2950,11992,-1,32.5723,-25.9454,1000,2,1,1706750555,1709271323,0
GSM,643,4,2950,14171,-1,32.5709,-25.9415,1000,3,1,1706751455,1727415551,0
GSM,643,4,2950,10133,-1,32.565,-25.9478,1000,1,1,1706751455,1706751455,0
GSM,643,4,2950,14172,-1,32.565,-25.9478,1000,1,1,1706751455,1706751455,0
GSM,643,4,2950,10111,-1,32.565,-25.9478,1000,1,1,1706751455,1706751455,0
GSM,643,4,2950,10683,-1,32.564,-25.9448,1000,1,1,1706752444,1706752444,0
GSM,643,4,2950,14401,-1,32.564,-25.9448,1000,1,1,1706752444,1706752444,0
GSM,643,4,2950,14402,-1,32.564,-25.9448,1000,1,1,1706752444,1706752444,0
GSM,643,4,2950,16331,-1,32.564,-25.9448,1000,1,1,1706752444,1706752444,0
GSM,643,4,2950,12002,-1,32.5581,-25.9411,1000,1,1,1706753284,1706753284,0
GSM,643,4,2950,13841,-1,32.5581,-25.9411,1000,1,1,1706753284,1706753284,0
GSM,643,4,2950,13843,-1,32.5581,-25.9411,1000,1,1,1706753284,1706753284,0
GSM,643,4,2950,10272,-1,32.5602,-25.9358,1000,3,1,1706753284,1742539484,0
GSM,643,4,2950,12001,-1,32.5581,-25.9411,1000,1,1,1706753284,1706753284,0
GSM,643,4,2950,10252,-1,32.5576,-25.9563,1000,1,1,1706754184,1706754184,0
GSM,643,4,2950,12463,-1,32.5576,-25.9563,1000,1,1,1706754184,1706754184,0
GSM,643,4,2950,12472,-1,32.5576,-25.9563,1000,1,1,1706754184,1706754184,0
GSM,643,4,2950,10253,-1,32.5576,-25.9563,1000,1,1,1706754184,1706754184,0
GSM,643,4,2550,15871,-1,32.4185,-25.8397,1426,4,1,1709164183,1717648518,0
GSM,643,4,2510,15153,-1,32.4504,-25.9323,1000,6,1,1709165083,1743139909,0
GSM,643,4,2510,15083,-1,32.4513,-25.9386,1000,1,1,1709165983,1709165983,0
GSM,643,4,2510,15152,-1,32.4524,-25.9362,1000,6,1,1709175369,1743139909,0
GSM,643,4,2510,10722,-1,32.4662,-25.9511,1000,2,1,1709166883,1722057686,0
GSM,643,4,2950,10173,-1,32.5385,-25.9431,1000,2,1,1709174470,1722057690,0
GSM,643,4,2950,10171,-1,32.5385,-25.9431,1000,2,1,1709174470,1722057690,0
GSM,643,4,2950,10271,-1,32.5713,-25.9374,1000,4,1,1709172723,1742539434,0
GSM,643,4,2950,12331,-1,32.5707,-25.9482,1000,1,1,1709169671,1709169671,0
GSM,643,4,2950,14961,-1,32.5741,-25.9303,1000,1,1,1709173563,1709173563,0
GSM,643,4,2950,14962,-1,32.5741,-25.9303,1000,1,1,1709173563,1709173563,0
GSM,643,4,2510,12983,-1,32.4539,-25.9392,1421,5,1,1709175369,1743139912,0
GSM,643,4,2550,15982,-1,32.4336,-25.8881,1000,7,1,1709177289,1743139921,0
GSM,643,4,2550,10413,-1,32.434,-25.8843,1000,1,1,1709177289,1709177289,0
GSM,643,4,2550,15853,-1,32.3576,-25.7819,1000,2,1,1709179058,1717216696,0
GSM,643,4,2520,13392,-1,32.2786,-25.7015,4999,2,1,1709179958,1717648766,0
GSM,643,4,10005,41241,-1,32.3552,-14.4099,1000,1,1,1716710774,1716710774,0
GSM,643,4,10005,41242,-1,32.3552,-14.4099,1000,1,1,1716710774,1716710774,0
GSM,643,3,20218,7711,-1,31.9958,-25.4629,1000,1,1,1716712745,1716712745,0
GSM,643,4,3510,40250,-1,32.9469,-15.1367,1000,1,1,1716718987,1716718987,0
GSM,643,4,3510,40793,-1,33.1262,-15.2365,1000,1,1,1716721211,1716721211,0
GSM,643,4,3510,40792,-1,33.2003,-15.343,7295,2,1,1716721739,1716870894,0
GSM,643,4,3510,40791,-1,33.1763,-15.2816,1000,1,1,1716721739,1716721739,0
GSM,643,4,3510,41153,-1,33.2198,-15.3985,2251,2,1,1716743796,1716870891,0
GSM,643,4,3510,41151,-1,33.2198,-15.3985,2251,2,1,1716743796,1716870891,0
GSM,643,4,3510,41152,-1,33.2198,-15.3985,2251,2,1,1716743796,1716870891,0
GSM,643,4,3510,42670,-1,33.3428,-15.5479,1000,1,1,1716789304,1716789304,0
GSM,643,4,3510,41673,-1,33.3574,-15.6404,1000,1,1,1716790197,1716790197,0
GSM,643,4,3510,41672,-1,33.3574,-15.6404,1000,1,1,1716790197,1716790197,0
GSM,643,4,3510,41671,-1,33.3574,-15.6404,1000,1,1,1716790197,1716790197,0
GSM,643,4,3510,41592,-1,33.5942,-16.0349,1000,1,1,1716795715,1716795715,0
GSM,643,4,3510,41593,-1,33.5942,-16.0349,1000,1,1,1716795715,1716795715,0
GSM,643,4,3510,41591,-1,33.5942,-16.0349,1000,1,1,1716795715,1716795715,0
GSM,643,4,3510,40403,-1,33.5942,-16.0349,1000,1,1,1716795715,1716795715,0
GSM,643,4,3510,40311,-1,33.5984,-16.1506,1000,1,1,1716797556,1716797556,0
GSM,643,4,3510,40861,-1,33.5984,-16.1506,1000,1,1,1716797556,1716797556,0
GSM,643,4,3520,40580,-1,33.528,-16.3001,1000,1,1,1716801149,1716801149,0
GSM,643,4,3420,34710,-1,33.4456,-16.3585,1000,1,1,1716802948,1716802948,0
GSM,643,4,3420,32281,-1,33.3246,-17.4744,4776,2,1,1716813808,1717216670,0
GSM,643,4,3420,32020,-1,33.349,-17.4276,1032,2,1,1716812906,1717216674,0
GSM,643,4,3420,32282,-1,33.3246,-17.4744,4776,2,1,1716813808,1717216663,0
GSM,643,4,3420,32283,-1,33.3246,-17.4744,4776,2,1,1716813808,1717216650,0
GSM,643,4,3420,32223,-1,33.2515,-17.6071,1000,2,1,1716814713,1717216666,0
GSM,643,4,3420,32222,-1,33.2515,-17.6071,1000,2,1,1716814713,1717216666,0
GSM,643,4,3420,32221,-1,33.2515,-17.6071,1000,2,1,1716814713,1717216666,0
GSM,643,4,3420,32100,-1,33.2383,-17.7383,4751,2,1,1716816526,1717216663,0
GSM,643,4,3420,32381,-1,33.2383,-17.7383,4751,2,1,1716816526,1717216654,0
GSM,643,4,3420,32383,-1,33.2235,-17.804,2763,2,1,1716816526,1717216650,0
GSM,643,4,3420,32382,-1,33.2039,-17.9027,8423,2,1,1716818337,1717216650,0
GSM,643,4,3420,32271,-1,33.2096,-17.9963,20838,3,1,1716818337,1717216633,0
GSM,643,4,3420,32272,-1,33.1915,-18.0828,11608,3,1,1716834559,1717216633,0
GSM,643,4,3420,33430,-1,33.1923,-18.1643,12136,2,1,1716834559,1716957339,0
GSM,643,4,3420,32012,-1,33.1799,-18.07,1601,2,1,1716834559,1716957339,0
GSM,643,4,3420,32013,-1,33.1808,-18.0767,2344,2,1,1716834559,1716957339,0
GSM,643,4,3420,32533,-1,33.185,-18.0835,1000,1,1,1716845377,1716845377,0
GSM,643,4,3420,32240,-1,33.2188,-18.2858,9727,2,1,1716848980,1717216633,0
GSM,643,4,3420,32250,-1,33.2098,-18.2721,1000,1,1,1716848085,1716848085,0
GSM,643,4,3420,32260,-1,33.2779,-18.4734,1000,1,1,1716849854,1716849854,0
GSM,643,4,3420,33870,-1,33.2894,-18.5691,1000,1,1,1716850768,1716850768,0
GSM,643,4,3420,32070,-1,33.3167,-18.7326,5251,2,1,1716851673,1717216604,0
GSM,643,4,3420,33400,-1,33.3167,-18.7326,5251,2,1,1716851673,1717216604,0
GSM,643,4,3420,32040,-1,33.2803,-18.8657,3042,2,1,1716853485,1717216592,0
GSM,643,4,3420,31060,-1,33.3131,-19.0153,8461,2,1,1716861628,1717216564,0
GSM,643,4,3420,32001,-1,33.2842,-18.9135,8297,2,1,1716854386,1717216583,0
GSM,643,4,3420,32002,-1,33.2739,-18.9658,2623,2,1,1716854386,1717216564,0
GSM,643,4,3410,33350,-1,33.3526,-19.078,1000,2,1,1716861628,1717216554,0
GSM,643,4,3410,31131,-1,33.36,-19.0772,1000,1,1,1716861628,1716861628,0
GSM,643,4,3410,31221,-1,33.2891,-19.0564,1000,2,1,1716858021,1717216564,0
GSM,643,4,3410,31222,-1,33.2891,-19.0564,1000,2,1,1716858021,1717216564,0
GSM,643,4,3420,32003,-1,33.2742,-18.9708,2100,2,1,1716854386,1717216583,0
GSM,643,4,3420,31061,-1,33.36,-19.0772,1000,1,1,1716861628,1716861628,0
GSM,643,4,3410,33760,-1,33.3526,-19.078,1000,2,1,1716861628,1717216554,0
GSM,643,4,3410,31223,-1,33.3245,-19.0667,3901,2,1,1716861628,1717216554,0
GSM,643,4,3420,32890,-1,33.2892,-19.0566,1000,1,1,1716857129,1716857129,0
GSM,643,4,3410,33420,-1,33.2892,-19.0566,1000,1,1,1716858021,1716858021,0
GSM,643,4,3410,31133,-1,33.3526,-19.078,1000,2,1,1716861628,1717216549,0
GSM,643,4,3410,32063,-1,33.4562,-19.1103,1000,1,1,1716862514,1716862514,0
GSM,643,4,3410,32082,-1,33.4562,-19.1103,1000,1,1,1716862514,1716862514,0
GSM,643,4,3410,33092,-1,33.4562,-19.1103,1000,1,1,1716862514,1716862514,0
GSM,643,4,3410,32453,-1,33.4562,-19.1103,1000,1,1,1716862514,1716862514,0
GSM,643,4,3410,32542,-1,33.441,-19.1053,1694,2,1,1716862514,1717216549,0
GSM,643,4,3410,31203,-1,33.4562,-19.1103,1000,1,1,1716862514,1716862514,0
GSM,643,4,3410,32472,-1,33.4562,-19.1103,1000,1,1,1716862514,1716862514,0
GSM,643,4,3410,32481,-1,33.5383,-19.1104,1000,1,1,1716863404,1716863404,0
GSM,643,4,3410,32471,-1,33.5383,-19.1104,1000,1,1,1716863404,1716863404,0
GSM,643,4,3410,32051,-1,33.5383,-19.1104,1000,1,1,1716863404,1716863404,0
GSM,643,4,3410,34350,-1,33.5383,-19.1104,1000,1,1,1716863404,1716863404,0
GSM,643,4,3410,32081,-1,33.5183,-19.1194,2333,2,1,1716863404,1717216543,0
GSM,643,4,3410,32421,-1,33.5383,-19.1104,1000,1,1,1716863404,1716863404,0
GSM,643,4,3410,32143,-1,33.8861,-19.1932,1000,1,1,1716867020,1716867020,0
GSM,643,4,3410,32311,-1,33.708,-19.0868,1000,1,1,1716865223,1716865223,0
GSM,643,4,3410,32312,-1,33.708,-19.0868,1000,1,1,1716865223,1716865223,0
GSM,643,4,3410,31503,-1,33.8129,-19.102,1000,1,1,1716866134,1716866134,0
GSM,643,4,3410,31031,-1,33.8129,-19.102,1000,1,1,1716866134,1716866134,0
GSM,643,4,3410,32172,-1,33.708,-19.0868,1000,1,1,1716865223,1716865223,0
GSM,643,4,3410,31093,-1,33.8861,-19.1932,1000,1,1,1716867020,1716867020,0
GSM,643,4,3410,31240,-1,33.8129,-19.102,1000,1,1,1716866134,1716866134,0
GSM,643,4,3410,32142,-1,33.8861,-19.1932,1000,1,1,1716867020,1716867020,0
GSM,643,4,3410,32141,-1,33.8129,-19.102,1000,1,1,1716866134,1716866134,0
GSM,643,4,3410,32362,-1,33.8861,-19.1932,1000,1,1,1716867020,1716867020,0
GSM,643,4,3410,31501,-1,33.8861,-19.1932,1000,1,1,1716867020,1716867020,0
GSM,643,4,3610,31373,-1,34.0712,-19.2304,1000,1,1,1716868834,1716868834,0
GSM,643,4,3610,31371,-1,33.959,-19.2207,1000,1,1,1716867927,1716867927,0
GSM,643,4,3410,31092,-1,33.959,-19.2207,1000,1,1,1716867927,1716867927,0
GSM,643,4,3410,31091,-1,33.959,-19.2207,1000,1,1,1716867927,1716867927,0
GSM,643,4,3610,31353,-1,33.959,-19.2207,1000,1,1,1716867927,1716867927,0
GSM,643,4,3610,31420,-1,34.0712,-19.2304,1000,1,1,1716868834,1716868834,0
GSM,643,4,3610,31372,-1,34.0712,-19.2304,1000,1,1,1716868834,1716868834,0
GSM,643,4,3610,31021,-1,34.0712,-19.2304,1000,1,1,1716868834,1716868834,0
GSM,643,4,3610,31602,-1,34.0712,-19.2304,1000,1,1,1716868834,1716868834,0
GSM,643,4,3410,25310,-1,34.0712,-19.2304,1000,1,1,1716868834,1716868834,0
GSM,643,4,3610,31773,-1,34.1892,-19.2597,1000,1,1,1716869734,1716869734,0
GSM,643,4,3610,31153,-1,34.249,-19.2994,1000,1,1,1716870634,1716870634,0
GSM,643,4,3610,31363,-1,34.3203,-19.333,1000,1,1,1716872434,1716872434,0
GSM,643,4,3610,31811,-1,34.1892,-19.2597,1000,1,1,1716869734,1716869734,0
GSM,643,4,3610,31151,-1,34.249,-19.2994,1000,1,1,1716870634,1716870634,0
GSM,643,4,3610,31771,-1,34.1892,-19.2597,1000,1,1,1716869734,1716869734,0
GSM,643,4,620,33000,-1,34.1892,-19.2597,1000,1,1,1716869734,1716869734,0
GSM,643,4,3610,31772,-1,34.3203,-19.333,1000,1,1,1716872434,1716872434,0
GSM,643,4,3610,31152,-1,34.249,-19.2994,1000,1,1,1716870634,1716870634,0
GSM,643,4,3610,31364,-1,34.3203,-19.333,1000,1,1,1716872434,1716872434,0
GSM,643,4,3610,31362,-1,34.4245,-19.3961,1000,1,1,1716873329,1716873329,0
GSM,643,4,3610,31361,-1,34.3203,-19.333,1000,1,1,1716872434,1716872434,0
GSM,643,4,620,33521,-1,34.4245,-19.3961,1000,1,1,1716873329,1716873329,0
GSM,643,4,3610,31581,-1,34.3203,-19.333,1000,1,1,1716872434,1716872434,0
GSM,643,4,3610,31352,-1,34.3203,-19.333,1000,1,1,1716872434,1716872434,0
GSM,643,4,620,31141,-1,34.5259,-19.4461,1000,1,1,1716874229,1716874229,0
GSM,643,4,620,33523,-1,34.4245,-19.3961,1000,1,1,1716873329,1716873329,0
GSM,643,4,620,33522,-1,34.4245,-19.3961,1000,1,1,1716873329,1716873329,0
GSM,643,4,620,33360,-1,34.6102,-19.5094,1000,1,1,1716875129,1716875129,0
GSM,643,4,620,33331,-1,34.5259,-19.4461,1000,1,1,1716874229,1716874229,0
GSM,643,4,620,31723,-1,34.6102,-19.5094,1000,1,1,1716875129,1716875129,0
GSM,643,4,620,31732,-1,34.6102,-19.5094,1000,1,1,1716875129,1716875129,0
GSM,643,4,620,31003,-1,34.5259,-19.4461,1000,1,1,1716874229,1716874229,0
GSM,643,4,620,31073,-1,34.6102,-19.5094,1000,1,1,1716875129,1716875129,0
GSM,643,4,620,31072,-1,34.6102,-19.5094,1000,1,1,1716875129,1716875129,0
GSM,643,4,620,31684,-1,34.7489,-19.6294,1000,1,1,1716877872,1716877872,0
GSM,643,4,620,31683,-1,34.7489,-19.6294,1000,1,1,1716877872,1716877872,0
GSM,643,4,620,30133,-1,34.7859,-19.6995,1000,4,1,1716878779,1717216413,0
GSM,643,4,620,30733,-1,34.786,-19.6995,1000,3,1,1716878779,1717130474,0
GSM,643,4,620,30134,-1,34.7843,-19.6924,2448,4,1,1716878779,1717216413,0
GSM,643,4,620,30731,-1,34.7863,-19.7006,1000,3,1,1716878779,1717130474,0
GSM,643,4,620,30921,-1,34.8576,-19.7401,1000,2,1,1716879681,1717130474,0
GSM,643,4,620,30922,-1,34.8402,-19.7401,1287,3,1,1716915750,1717130474,0
GSM,643,4,620,30144,-1,34.8759,-19.7519,1000,1,1,1716883288,1716883288,0
GSM,643,4,620,30863,-1,34.8341,-19.7407,1000,1,1,1716907592,1716907592,0
GSM,643,4,620,30321,-1,34.8759,-19.7519,1000,1,1,1716883288,1716883288,0
GSM,643,4,620,30421,-1,34.8759,-19.7519,1000,1,1,1716883288,1716883288,0
GSM,643,4,600,30354,-1,34.8487,-19.8251,2197,2,1,1716886869,1717130387,0
GSM,643,4,600,30853,-1,34.8451,-19.8316,1000,1,1,1716887773,1716887773,0
GSM,643,4,600,30852,-1,34.8451,-19.8316,1000,1,1,1716887773,1716887773,0
GSM,643,4,600,30851,-1,34.8451,-19.8316,1000,1,1,1716887773,1716887773,0
GSM,643,4,620,30892,-1,34.8727,-19.7803,1000,2,1,1716890468,1717043791,0
GSM,643,4,620,30374,-1,34.8722,-19.7802,1000,1,1,1716890468,1716890468,0
GSM,643,4,620,30862,-1,34.8704,-19.7806,1000,1,1,1716889577,1716889577,0
GSM,643,4,620,30443,-1,34.8704,-19.7806,1000,1,1,1716889577,1716889577,0
GSM,643,4,620,30423,-1,34.857,-19.7528,1000,2,1,1716891388,1717043786,0
GSM,643,4,620,30923,-1,34.8341,-19.7407,1000,2,1,1716920250,1717043707,0
GSM,643,4,620,30603,-1,34.8336,-19.7381,1000,2,1,1716920250,1717043707,0
GSM,643,4,620,30092,-1,34.853,-19.7494,1000,1,1,1716936449,1716936449,0
GSM,643,4,620,30891,-1,34.8732,-19.7803,1000,1,1,1716937347,1716937347,0
GSM,643,4,620,31762,-1,34.7864,-19.6992,1000,2,1,1716977301,1717216413,0
GSM,643,4,620,34980,-1,34.7864,-19.6993,1000,1,1,1716998966,1716998966,0
GSM,643,4,600,31321,-1,34.7865,-19.6991,1000,1,1,1716991355,1716991355,0
GSM,643,4,600,33551,-1,34.7864,-19.6992,1000,3,1,1716998966,1717216413,0
GSM,643,4,620,30442,-1,34.8615,-19.8057,1000,1,1,1717043998,1717043998,0
GSM,643,4,600,30381,-1,34.8491,-19.8064,1000,1,1,1717088189,1717088189,0
GSM,643,4,600,30383,-1,34.8527,-19.8058,1000,1,1,1717089103,1717089103,0
GSM,643,4,600,30871,-1,34.8366,-19.815,1000,1,1,1717084605,1717084605,0
GSM,643,4,600,30382,-1,34.8433,-19.8152,1000,1,1,1717069240,1717069240,0
GSM,643,4,600,30872,-1,34.8411,-19.8184,1000,1,1,1717071093,1717071093,0
GSM,643,4,600,30781,-1,34.8366,-19.815,1000,1,1,1717084605,1717084605,0
GSM,643,4,600,30672,-1,34.8428,-19.8159,1000,1,1,1717070179,1717070179,0
GSM,643,4,600,30803,-1,34.8368,-19.8159,1000,1,1,1717082794,1717082794,0
GSM,643,4,620,31551,-1,34.7382,-19.5928,1000,1,1,1717108950,1717108950,0
GSM,643,4,620,30683,-1,34.7382,-19.5928,1000,1,1,1717108950,1717108950,0
GSM,643,4,620,31552,-1,34.7382,-19.5928,1000,1,1,1717108950,1717108950,0
GSM,643,4,620,30681,-1,34.7382,-19.5928,1000,1,1,1717108950,1717108950,0
GSM,643,4,620,31012,-1,34.7382,-19.5928,1000,1,1,1717108950,1717108950,0
GSM,643,4,620,30682,-1,34.7382,-19.5928,1000,1,1,1717108950,1717108950,0
GSM,643,4,3410,31121,-1,33.4982,-19.1284,1000,1,1,1717123359,1717123359,0
GSM,643,4,3410,32522,-1,33.4982,-19.1284,1000,1,1,1717123359,1717123359,0
GSM,643,4,3410,32591,-1,33.4982,-19.1284,1000,1,1,1717123359,1717123359,0
GSM,643,4,3410,31123,-1,33.4982,-19.1284,1000,1,1,1717123359,1717123359,0
GSM,643,4,3410,32521,-1,33.4982,-19.1284,1000,1,1,1717123359,1717123359,0
GSM,643,4,3410,31182,-1,33.4982,-19.1284,1000,1,1,1717123359,1717123359,0
GSM,643,4,3410,31132,-1,33.4258,-19.1003,1000,1,1,1717124248,1717124248,0
GSM,643,4,3410,32541,-1,33.4258,-19.1003,1000,1,1,1717124248,1717124248,0
GSM,643,4,3410,32543,-1,33.4258,-19.1003,1000,1,1,1717124248,1717124248,0
GSM,643,4,3410,35190,-1,33.4258,-19.1003,1000,1,1,1717124248,1717124248,0
GSM,643,4,3410,32563,-1,33.2891,-19.0562,1000,1,1,1717129103,1717129103,0
GSM,643,4,3420,32552,-1,33.2663,-18.9534,1000,1,1,1717131483,1717131483,0
GSM,643,4,3420,32551,-1,33.2657,-18.9435,1000,1,1,1717132394,1717132394,0
GSM,643,4,2550,16280,-1,32.2913,-25.7207,11292,8,1,1717157157,1731908945,0
GSM,643,4,2550,15862,-1,32.4335,-25.8869,1000,4,1,1717161669,1728106989,0
GSM,643,4,2510,15373,-1,32.4565,-25.9326,1275,4,1,1717159860,1743139909,0
GSM,643,4,2510,15151,-1,32.4567,-25.9317,1000,2,1,1717158953,1728106882,0
GSM,643,4,2510,10511,-1,32.4511,-25.9307,1007,4,1,1717160765,1728106870,0
GSM,643,4,2510,10563,-1,32.4541,-25.9344,1000,5,1,1717158953,1743139912,0
GSM,643,4,2510,10643,-1,32.4595,-25.9301,1000,2,1,1717159860,1728106965,0
GSM,643,4,2510,15371,-1,32.4662,-25.9251,1000,1,1,1717159860,1717159860,0
GSM,643,4,2510,15002,-1,32.4546,-25.9288,1000,2,1,1717160765,1728106886,0
GSM,643,4,2510,10561,-1,32.4662,-25.9251,1000,1,1,1717159860,1717159860,0
GSM,643,4,2510,11152,-1,32.4569,-25.9233,1000,1,1,1717160765,1717160765,0
GSM,643,4,2510,15172,-1,32.4569,-25.9233,1000,1,1,1717160765,1717160765,0
GSM,643,4,2510,15003,-1,32.4569,-25.9233,1000,1,1,1717160765,1717160765,0
GSM,643,4,2510,12042,-1,32.4569,-25.9233,1000,1,1,1717160765,1717160765,0
GSM,643,4,2550,15612,-1,32.3867,-25.801,5377,7,1,1717175148,1728711126,0
GSM,643,0,2550,51,-1,31.9921,-25.4817,1000,1,1,1717367386,1717367386,0
GSM,643,4,2550,13231,-1,32.1397,-25.6018,16537,5,1,1717508349,1728711130,0
GSM,643,4,2530,12593,-1,32.2208,-25.6458,1000,1,1,1717547619,1717547619,0
GSM,643,4,2550,11691,-1,32.2208,-25.6458,1000,1,1,1717547619,1717547619,0
GSM,643,4,2530,12623,-1,32.2207,-25.6458,1000,1,1,1717551518,1717551518,0
GSM,643,4,2530,14123,-1,32.2207,-25.6458,1000,1,1,1717551518,1717551518,0
GSM,643,4,2550,16583,-1,32.3462,-25.774,1000,1,1,1717559862,1717559862,0
GSM,643,4,2550,11611,-1,32.4189,-25.8438,1000,1,1,1717571091,1717571091,0
GSM,643,4,2550,13081,-1,32.2638,-25.6907,1000,1,1,1717572980,1717572980,0
GSM,643,4,2550,13041,-1,31.9926,-25.4764,1000,1,1,1717575690,1717575690,0
GSM,643,4,2520,13041,-1,32.3197,-25.7476,1599,2,1,1717576260,1743139924,0
GSM,643,4,3510,40133,-1,33.5705,-16.242,1000,1,1,1718028673,1718028673,0
GSM,643,4,3510,40082,-1,33.582,-16.218,1000,4,1,1718035055,1718858058,0
GSM,643,4,3510,40672,-1,33.6004,-16.2051,3020,4,1,1718040542,1725342579,0
GSM,643,4,3510,40701,-1,33.6336,-16.1783,2565,3,1,1718065218,1741586193,0
GSM,643,4,3510,40711,-1,33.6484,-16.1601,1000,1,1,1718065218,1718065218,0
GSM,643,4,3510,40033,-1,33.7163,-16.1202,1000,1,1,1718079323,1718079323,0
GSM,643,4,3510,40032,-1,33.7163,-16.1202,1000,1,1,1718079323,1718079323,0
GSM,643,4,3510,40391,-1,33.7709,-16.104,1000,1,1,1718080889,1718080889,0
GSM,643,4,3510,40743,-1,33.7151,-16.12,1000,1,1,1718079989,1718079989,0
GSM,643,4,3520,40422,-1,34.1772,-15.8432,11903,3,1,1718085485,1741586225,0
GSM,643,4,3510,40101,-1,33.779,-16.0983,1000,2,1,1718716787,1741586203,0
GSM,643,4,2550,13233,-1,32.2289,-25.6655,15244,8,1,1721946361,1743139895,0
GSM,643,4,2540,15203,-1,32.4336,-25.8875,1000,1,1,1721948161,1721948161,0
GSM,643,4,2950,16663,-1,32.5456,-25.9472,1000,1,1,1721950021,1721950021,0
GSM,643,4,2950,16662,-1,32.5456,-25.9472,1000,1,1,1721950021,1721950021,0
GSM,643,4,2950,10201,-1,32.5559,-25.9292,1000,2,1,1721953613,1727415561,0
GSM,643,4,2950,17571,-1,32.5559,-25.9292,1000,2,1,1721953613,1727415561,0
GSM,643,4,2510,10492,-1,32.5256,-25.9361,1000,1,1,1721954513,1721954513,0
GSM,643,4,2550,15743,-1,32.3924,-25.8107,1000,2,1,1721956315,1731997893,0
GSM,643,4,3510,40083,-1,33.5149,-16.3076,1000,2,1,1725271487,1738391403,0
GSM,643,4,2510,10733,-1,32.4338,-25.8933,1000,1,1,1725608231,1725608231,0
GSM,643,4,2510,15453,-1,32.4062,-25.9217,1000,3,1,1725609091,1731997885,0
GSM,643,4,2510,10621,-1,32.4094,-25.9205,2454,4,1,1725609091,1731997757,0
GSM,643,4,2510,15441,-1,32.4093,-25.9197,1000,1,1,1725609091,1725609091,0
GSM,643,4,2510,11731,-1,32.4041,-25.9226,1000,4,1,1725609091,1731997750,0
GSM,643,4,2510,15161,-1,32.4509,-25.9346,1000,5,1,1725612724,1743139909,0
GSM,643,4,2510,15081,-1,32.4514,-25.9336,1000,4,1,1725610937,1728711074,0
GSM,643,4,2550,15861,-1,32.4283,-25.8605,1000,1,1,1725613624,1725613624,0
GSM,643,4,2510,15601,-1,32.4589,-25.9512,1000,1,1,1727339430,1727339430,0
GSM,643,4,2540,10481,-1,32.5137,-25.9149,1000,1,1,1727340330,1727340330,0
GSM,643,4,2510,12091,-1,32.5137,-25.9149,1000,1,1,1727340330,1727340330,0
GSM,643,4,2540,15462,-1,32.5137,-25.9149,1000,1,1,1727340330,1727340330,0
GSM,643,4,2540,15461,-1,32.5137,-25.9149,1000,1,1,1727340330,1727340330,0
GSM,643,4,2960,11382,-1,32.5747,-25.9388,1000,1,1,1727341230,1727341230,0
GSM,643,4,2960,14031,-1,32.5747,-25.9388,1000,1,1,1727341230,1727341230,0
GSM,643,4,2950,14261,-1,32.5558,-25.9292,1000,1,1,1727346790,1727346790,0
GSM,643,4,2950,11071,-1,32.5558,-25.9292,1000,1,1,1727346790,1727346790,0
GSM,643,4,2510,15501,-1,32.3685,-25.7918,1000,1,1,1727350390,1727350390,0
GSM,643,4,2550,16611,-1,32.2625,-25.6875,2060,4,1,1727351290,1731997897,0
GSM,643,4,2550,15872,-1,32.4334,-25.8852,1000,1,1,1727424820,1727424820,0
GSM,643,4,2510,10591,-1,32.4535,-25.9347,1000,3,1,1728016882,1743139909,0
UMTS,643,1,3400,383733,19,39.9082,-16.2252,1000,1,1,1728417042,1728417042,0
UMTS,643,1,3400,384142,234,39.9082,-16.2252,1000,2,1,1728417085,1728441781,0
UMTS,643,3,30912,236239031,1,39.9082,-16.2252,1000,2,1,1728417042,1728441781,0
UMTS,643,3,30912,236239025,221,39.9082,-16.2251,1000,3,1,1728417475,1737477542,0
GSM,643,4,2550,16613,-1,32.271,-25.7035,9467,5,1,1728645902,1743139895,0
GSM,643,4,2550,10813,-1,32.3944,-25.812,1000,1,1,1728628782,1728628782,0
GSM,643,4,2510,11871,-1,32.4106,-25.9201,1000,1,1,1728630581,1728630581,0
GSM,643,4,2510,15442,-1,32.4042,-25.9227,1000,2,1,1728630581,1731997866,0
GSM,643,4,2510,17622,-1,32.4359,-25.9133,1000,2,1,1728643197,1743139906,0
GSM,643,4,2510,11453,-1,32.4536,-25.9346,1000,1,1,1728639587,1728639587,0
GSM,643,4,2550,16612,-1,32.2927,-25.7295,1000,1,1,1728645902,1728645902,0
GSM,643,4,2840,21503,-1,31.9914,-25.4805,1000,1,1,1731761389,1731761389,0
GSM,643,4,2840,21012,-1,31.9914,-25.4805,1000,1,1,1731761389,1731761389,0
GSM,643,4,2550,12663,-1,32.3883,-25.808,1000,2,1,1731851513,1743139899,0
GSM,643,4,2510,10623,-1,32.3981,-25.9253,1000,2,1,1731867712,1731997750,0
GSM,643,4,2510,10622,-1,32.3977,-25.9253,1000,2,1,1731867712,1731997750,0
GSM,643,4,2510,16852,-1,32.3977,-25.9253,1000,2,1,1731867712,1731997750,0
GSM,643,4,2550,11612,-1,32.3977,-25.9252,1000,2,1,1731867712,1731997750,0
GSM,643,4,2550,11613,-1,32.3977,-25.9253,1000,1,1,1731873172,1731873172,0
LTE,643,1,37300,1129475,0,36.8873,-17.8777,1000,2,1,1736198335,1743291841,0
LTE,643,4,37300,1129475,0,36.8873,-17.8777,1000,1,1,1736198372,1736198372,0
UMTS,643,1,3400,359142,0,39.9047,-16.2249,1000,1,1,1736266750,1736266750,0
UMTS,643,4,43100,85449417,0,39.9047,-16.2274,1000,3,1,1736274854,1736410741,0
UMTS,643,4,43100,85423240,0,39.9081,-16.2251,1000,2,1,1736274970,1736410741,0
UMTS,643,4,43100,85449411,0,39.9082,-16.2251,1000,3,1,1736314569,1736410741,0
LTE,643,1,37300,1151746,0,36.8861,-17.8732,1000,1,1,1736329084,1736329084,0
LTE,643,1,37300,1152513,0,36.8872,-17.8777,1000,1,1,1736370733,1736370733,0
LTE,643,1,37300,1150977,0,36.8872,-17.8777,1000,1,1,1736370913,1736370913,0
UMTS,643,3,3300,51258374,0,39.9053,-16.2293,1000,2,1,1737146277,1737202502,0
GSM,643,4,3510,34710,-1,33.5113,-16.3087,1000,1,1,1738287767,1738287767,0
GSM,643,4,3420,33120,-1,33.5113,-16.3087,1000,1,1,1738287767,1738287767,0
GSM,643,4,3510,40501,-1,33.6557,-16.1142,1000,1,1,1738300554,1738300554,0
GSM,643,4,3520,43830,-1,34.3673,-15.6622,3456,2,1,1738311015,1741586234,0
GSM,643,4,3520,41112,-1,34.3249,-15.492,1000,1,1,1738312878,1738312878,0
GSM,643,4,3520,43370,-1,34.3024,-14.9402,1000,1,1,1738322183,1738322183,0
GSM,643,4,3520,42580,-1,34.3478,-14.6998,3353,2,1,1738331618,1738478872,0
GSM,643,4,3510,40580,-1,33.5704,-16.242,1000,1,1,1741483747,1741483747,0
GSM,643,4,3510,40402,-1,33.7595,-16.1148,1000,1,1,1741488433,1741488433,0
GSM,643,4,3510,40193,-1,33.7595,-16.1148,1000,1,1,1741488433,1741488433,0
GSM,643,4,3520,41114,-1,34.4378,-15.5936,1000,1,1,1741505345,1741505345,0
GSM,643,4,3520,56053,-1,34.3426,-14.3968,1000,1,1,1741720600,1741720600,0
GSM,643,4,2550,17871,-1,32.4249,-25.8547,1000,1,1,1742393492,1742393492,0
GSM,643,4,2510,13902,-1,32.4958,-25.936,1000,2,1,1742394442,1742539489,0
GSM,643,4,2510,18041,-1,32.4959,-25.9359,1000,1,1,1742394442,1742394442,0
GSM,643,4,2510,10663,-1,32.4958,-25.936,1000,2,1,1742394442,1742539489,0
GSM,643,4,2950,18253,-1,32.5744,-25.9385,1000,2,1,1742408213,1742539385,0
GSM,643,4,2960,18273,-1,32.5744,-25.9385,1000,1,1,1742431601,1742431601,0
GSM,643,4,2510,18233,-1,32.4958,-25.9361,1000,1,1,1742432873,1742432873,0
GSM,643,4,2510,15693,-1,32.4958,-25.9361,1000,1,1,1742432873,1742432873,0
GSM,643,4,2550,18441,-1,32.4368,-25.9147,1000,1,1,1743069046,1743069046,0
GSM,643,4,2550,18443,-1,32.4412,-25.9222,1000,1,1,1743068146,1743068146,0
LTE,643,1,37300,1129473,0,36.8905,-17.8784,1000,2,1,1743279122,1743280561,0
LTE,643,0,0,0,0,40.6678,-14.5387,1000,2,1,1743279122,1743280561,0
LTE,643,0,0,0,0,37.1630,-16.0759,1000,2,1,1743279122,1743280561,0
LTE,643,0,0,0,0,36.9190,-15.4915,1000,2,1,1743279122,1743280561,0
LTE,643,0,0,0,0,39.9060,-16.2240,1000,2,1,1743279122,1743280561,0
LTE,643,0,0,0,0,47.2690,-22.3990,1000,2,1,1743279122,1743280561,0